,verified,favourites_count,followers_count,friends_count,statuses_count,type
100114488,0,1.0,716.0,607.0,1411.0,1.0
100118771,0,146.0,557.0,1271.0,4613.0,1.0
100159157,0,0.0,56.0,2.0,11117.0,1.0
101143560,0,9.0,41.0,78.0,613.0,1.0
101261527,0,0.0,174.0,72.0,250.0,1.0
101356073,0,0.0,22.0,1.0,129.0,1.0
102060793,0,92.0,8291.0,904.0,2505.0,1.0
102188892,0,0.0,297.0,3.0,123.0,1.0
102469741,0,68.0,842.0,740.0,2136.0,1.0
102640058,0,110.0,308.0,470.0,255.0,1.0
102640393,0,8.0,412.0,718.0,1922.0,1.0
10287992,0,260.0,1472.0,1261.0,2446.0,1.0
102976544,0,0.0,107.0,211.0,122.0,1.0
103064052,0,5.0,17.0,43.0,114.0,1.0
103255182,0,8.0,744.0,2002.0,691.0,1.0
103661268,0,1.0,16.0,21.0,137.0,1.0
103699952,0,0.0,99.0,77.0,237.0,1.0
103738684,0,0.0,55.0,15.0,226.0,1.0
103810970,0,9.0,794.0,618.0,3279.0,1.0
104171577,0,0.0,263.0,14.0,453.0,1.0
104288572,0,16.0,1058.0,335.0,928.0,1.0
104437981,0,14.0,160.0,577.0,107.0,1.0
104584672,0,0.0,191.0,137.0,425.0,1.0
104867708,0,16.0,184.0,469.0,1057.0,1.0
105002237,0,0.0,6.0,185.0,4737.0,1.0
105007579,0,93.0,192.0,353.0,866.0,1.0
105062071,0,3.0,114.0,7.0,847.0,1.0
105291643,0,113.0,3904.0,1427.0,6461.0,1.0
105949474,0,6.0,266.0,383.0,1173.0,1.0
106518590,0,0.0,1605.0,260.0,1284.0,1.0
106699452,0,3.0,88.0,41.0,160.0,1.0
106861193,0,0.0,2562.0,642.0,2587.0,1.0
106865312,0,14.0,196.0,113.0,1340.0,1.0
107523541,0,0.0,1671.0,0.0,2107.0,1.0
107525887,0,7.0,804.0,772.0,292.0,1.0
108030693,0,59.0,1303.0,1172.0,757.0,1.0
108395028,0,2.0,173.0,139.0,119.0,1.0
108619093,0,0.0,21.0,13.0,180.0,1.0
108857223,0,1.0,110.0,182.0,211.0,1.0
108971788,0,0.0,31.0,81.0,236.0,1.0
109138493,0,0.0,3348.0,3423.0,297.0,1.0
10942902,0,1.0,271.0,72.0,127.0,1.0
109486474,0,225.0,892.0,450.0,926.0,1.0
109593082,0,1.0,5581.0,950.0,696.0,1.0
109905851,0,0.0,229.0,155.0,206.0,1.0
109929964,0,12.0,2888.0,597.0,274.0,1.0
110218225,0,0.0,143.0,43.0,102.0,1.0
110381993,0,0.0,643.0,1411.0,387.0,1.0
110384793,0,0.0,2607.0,2930.0,1220.0,1.0
110509696,0,0.0,583.0,227.0,691.0,1.0
110783370,0,1.0,474.0,121.0,447.0,1.0
111132445,0,2750.0,4306.0,240.0,3631.0,1.0
112034021,0,0.0,9.0,1.0,24769.0,1.0
112060879,0,0.0,4907.0,1669.0,2608.0,1.0
112191338,0,1.0,3788.0,16.0,21413.0,1.0
112433753,0,39.0,765.0,1540.0,536.0,1.0
112723411,0,2069.0,5215.0,817.0,5326.0,1.0
112821239,0,11.0,966.0,318.0,293.0,1.0
112919554,0,146.0,951.0,297.0,2770.0,1.0
113324625,0,1.0,2781.0,3288.0,39591.0,1.0
113325198,0,0.0,21.0,40.0,113.0,1.0
113420004,0,6.0,192.0,189.0,197.0,1.0
113447517,0,3.0,31.0,40.0,107.0,1.0
113653861,0,7.0,219.0,78.0,360.0,1.0
113950781,0,0.0,2087.0,340.0,847.0,1.0
114016873,0,1.0,137.0,79.0,533.0,1.0
114340673,0,3.0,1800.0,273.0,2044.0,1.0
114428324,0,86.0,2379.0,1053.0,1125.0,1.0
114520241,0,0.0,2795.0,2828.0,2029.0,1.0
114565660,0,0.0,551.0,1688.0,202.0,1.0
114775407,0,0.0,1509.0,1389.0,1242.0,1.0
114810465,0,1.0,255.0,281.0,247.0,1.0
114907985,0,35.0,439.0,249.0,2365.0,1.0
114961795,0,2.0,102.0,107.0,361.0,1.0
115405329,0,1251.0,2136.0,2197.0,7072.0,1.0
116012581,0,4.0,4059.0,4138.0,28498.0,1.0
116031894,0,0.0,798.0,1947.0,302.0,1.0
116322786,0,6216.0,898.0,113.0,2338.0,1.0
116367949,0,2914.0,11401.0,5118.0,5449.0,1.0
116406845,0,0.0,186.0,294.0,691.0,1.0
116421456,0,35.0,1525.0,17.0,331.0,1.0
116465223,0,0.0,1781.0,687.0,778.0,1.0
11673252,0,4.0,10988.0,2072.0,129688.0,1.0
116889095,0,18.0,913.0,890.0,1315.0,1.0
117376676,0,461.0,5249.0,3161.0,8601.0,1.0
117469617,0,3491.0,11129.0,776.0,20197.0,1.0
117766894,0,7.0,75.0,41.0,122.0,1.0
117822809,0,0.0,186.0,625.0,708.0,1.0
118486967,0,0.0,2057.0,2842.0,4961.0,1.0
118556370,0,1.0,81.0,313.0,669.0,1.0
118738552,0,3.0,311.0,167.0,325.0,1.0
119175212,0,5.0,306.0,279.0,482.0,1.0
119400401,0,0.0,5928.0,398.0,12897.0,1.0
119965249,0,0.0,43.0,21.0,761.0,1.0
119992061,0,4.0,84.0,167.0,1134.0,1.0
120125806,0,0.0,27.0,24.0,176.0,1.0
120285512,0,553.0,18980.0,13054.0,5524.0,1.0
120390975,0,0.0,16.0,17.0,251.0,1.0
120850052,0,0.0,158.0,106.0,250.0,1.0
121451143,0,62.0,196.0,607.0,643.0,1.0
121665251,0,0.0,150.0,658.0,775.0,1.0
121753267,0,164.0,3795.0,1087.0,849.0,1.0
121812435,0,2.0,619.0,1993.0,785.0,1.0
121841065,0,66.0,1909.0,187.0,7516.0,1.0
122344315,0,8.0,1227.0,51.0,210.0,1.0
122484560,0,2.0,561.0,314.0,2019.0,1.0
122501853,0,3.0,247.0,794.0,743.0,1.0
122531560,0,0.0,105.0,132.0,217.0,1.0
122578105,0,0.0,757.0,1885.0,460.0,1.0
123100631,0,222.0,4753.0,5086.0,1731.0,1.0
123327540,0,0.0,30.0,6.0,344.0,1.0
123369125,0,0.0,14.0,5.0,126.0,1.0
123555111,0,1.0,83.0,315.0,562.0,1.0
123687592,0,254.0,3362.0,1620.0,2362.0,1.0
123747100,0,0.0,3946.0,11.0,1848.0,1.0
124043939,0,0.0,6.0,11.0,336.0,1.0
125018971,0,0.0,125.0,2.0,127.0,1.0
125101376,0,4.0,1541.0,1888.0,399.0,1.0
125212960,0,0.0,141.0,83.0,111.0,1.0
125270554,0,0.0,16.0,36.0,132.0,1.0
125417359,0,3.0,958.0,405.0,2710.0,1.0
125637346,0,0.0,3181.0,1760.0,5747.0,1.0
125754374,0,987.0,644.0,818.0,1156.0,1.0
125765605,0,0.0,89.0,116.0,953.0,1.0
125943983,0,0.0,532.0,1758.0,158.0,1.0
125945151,0,0.0,14.0,0.0,4770.0,1.0
125947490,0,0.0,1216.0,296.0,1133.0,1.0
126125056,0,55.0,374.0,245.0,350.0,1.0
126407534,0,41.0,581.0,1402.0,529.0,1.0
126914026,0,0.0,589.0,1985.0,1111.0,1.0
128021723,0,38.0,1449.0,84.0,2437.0,1.0
128024931,0,3.0,3723.0,3349.0,57342.0,1.0
128272680,0,8.0,983.0,194.0,1078.0,1.0
128331997,0,9.0,87.0,56.0,226.0,1.0
128538736,0,0.0,250.0,389.0,1552.0,1.0
128783704,0,0.0,12.0,0.0,979.0,1.0
128811344,0,0.0,12.0,0.0,969.0,1.0
128976971,0,32.0,1348.0,1808.0,378.0,1.0
129676498,0,0.0,1511.0,1720.0,2063.0,1.0
129693454,0,0.0,236.0,1149.0,160.0,1.0
130000070,0,22.0,264.0,42.0,1129.0,1.0
130631604,0,12.0,1018.0,176.0,2511.0,1.0
130723982,0,169.0,414.0,1466.0,1029.0,1.0
130763010,0,0.0,610.0,2.0,478.0,1.0
130798668,0,0.0,276.0,27.0,689.0,1.0
130882237,0,21.0,953.0,158.0,3967.0,1.0
130882237,0,21.0,957.0,158.0,3967.0,1.0
130911553,0,0.0,52.0,76.0,389.0,1.0
131033220,0,2.0,546.0,221.0,670.0,1.0
131180115,0,2.0,159.0,10.0,706.0,1.0
131211756,0,9.0,478.0,1793.0,1335.0,1.0
131863930,0,2433.0,1187.0,1954.0,2863.0,1.0
132224599,0,0.0,23.0,10.0,471.0,1.0
132237290,0,6.0,83.0,35.0,799.0,1.0
132667584,0,1073.0,1342.0,1971.0,7154.0,1.0
133006345,0,6.0,127.0,35.0,891.0,1.0
133197408,0,13.0,158.0,15.0,413.0,1.0
133256324,0,0.0,74.0,99.0,302.0,1.0
133383875,0,0.0,291.0,596.0,1331.0,1.0
133448383,0,2.0,1433.0,1884.0,2097.0,1.0
133753333,0,521.0,5531.0,3426.0,7556.0,1.0
134011461,0,2.0,444.0,1308.0,34265.0,1.0
134583900,0,0.0,100.0,123.0,255.0,1.0
134837058,0,0.0,418.0,520.0,178.0,1.0
134994013,0,4.0,2242.0,1115.0,1564.0,1.0
135263946,0,0.0,386.0,481.0,237.0,1.0
135666269,0,1.0,38.0,62.0,285.0,1.0
136294278,0,1.0,29.0,197.0,544.0,1.0
136295973,0,0.0,258.0,124.0,298.0,1.0
136389024,0,8.0,767.0,1812.0,3296.0,1.0
137043687,0,7.0,619.0,1943.0,601.0,1.0
137288829,0,316.0,1782.0,720.0,1205.0,1.0
137775956,0,334.0,31647.0,2030.0,4803.0,1.0
137796521,0,0.0,101.0,77.0,151.0,1.0
137900749,0,0.0,168.0,58.0,379.0,1.0
138133150,0,0.0,15.0,0.0,2277.0,1.0
138143812,0,0.0,5.0,6.0,232.0,1.0
138888006,0,10.0,660.0,303.0,2627.0,1.0
138899085,0,457.0,2309.0,139.0,2111.0,1.0
139787606,0,0.0,31.0,24.0,105.0,1.0
139935850,0,2409.0,99.0,581.0,1800.0,1.0
140040743,0,13.0,71.0,204.0,196.0,1.0
140308702,0,6.0,368.0,457.0,4221.0,1.0
140686472,0,0.0,601.0,10.0,1578.0,1.0
140826857,0,0.0,18.0,0.0,151.0,1.0
141180071,0,0.0,652.0,6.0,9506.0,1.0
141228885,0,0.0,33.0,33.0,1266.0,1.0
141243146,0,0.0,63.0,7.0,181.0,1.0
141346203,0,0.0,302.0,1741.0,7095.0,1.0
141572254,0,33.0,386.0,259.0,441.0,1.0
141728705,0,11.0,765.0,510.0,440.0,1.0
141977676,0,7.0,151.0,191.0,138.0,1.0
142392341,0,7.0,332.0,82.0,1414.0,1.0
143017174,0,0.0,18475.0,75.0,174.0,1.0
143172834,0,0.0,11.0,4.0,1455.0,1.0
143174948,0,30.0,459.0,70.0,580.0,1.0
143206291,0,0.0,964.0,978.0,388.0,1.0
143228870,0,4.0,172.0,274.0,461.0,1.0
143385787,0,2.0,353.0,680.0,415.0,1.0
143482785,0,1.0,906.0,353.0,1487.0,1.0
143871216,0,0.0,1.0,0.0,478.0,1.0
143873970,0,56.0,1665.0,1225.0,2617.0,1.0
144044647,0,2.0,283.0,423.0,944.0,1.0
144231642,0,3.0,5631.0,640.0,494.0,1.0
14435582,0,0.0,17.0,7.0,134.0,1.0
144471303,0,22.0,860.0,70.0,1439.0,1.0
144724789,0,0.0,2091.0,646.0,2731.0,1.0
144823433,0,314.0,1838.0,128.0,4565.0,1.0
145278977,0,9.0,992.0,1955.0,146.0,1.0
14558133,0,5.0,2553.0,1393.0,628.0,1.0
145663151,0,8.0,100.0,51.0,343.0,1.0
145911661,0,0.0,3239.0,1641.0,10904.0,1.0
145946428,0,0.0,1.0,0.0,102.0,1.0
145974084,0,0.0,114.0,40.0,3429.0,1.0
146043186,0,2.0,475.0,73.0,252.0,1.0
146316582,0,0.0,3.0,4.0,140.0,1.0
146399880,0,2.0,88.0,121.0,160.0,1.0
146583051,0,1.0,138.0,66.0,157.0,1.0
14707220,0,581.0,10924.0,492.0,3789.0,1.0
147367568,0,12.0,24.0,187.0,133.0,1.0
147602490,0,34.0,995.0,1944.0,147.0,1.0
147715359,0,7.0,209.0,154.0,1238.0,1.0
14787980,0,377.0,28410.0,6961.0,9870.0,1.0
148082848,0,0.0,275.0,367.0,594.0,1.0
148160003,0,653.0,6779.0,7441.0,70926.0,1.0
148436801,0,33.0,11522.0,7943.0,1288.0,1.0
148515485,0,0.0,209.0,308.0,618.0,1.0
148573278,0,3.0,1193.0,25.0,2550.0,1.0
148793140,0,36.0,107.0,100.0,194.0,1.0
148809213,0,41.0,136.0,137.0,274.0,1.0
14986811,0,145.0,71751.0,57150.0,71780.0,1.0
150132424,0,2.0,1364.0,484.0,1823.0,1.0
150255923,0,0.0,7.0,0.0,286.0,1.0
150492924,0,28.0,272.0,352.0,1151.0,1.0
150660859,0,3.0,172.0,158.0,262.0,1.0
1506671,0,598.0,3438.0,284.0,1506.0,1.0
150791798,0,55.0,419.0,179.0,572.0,1.0
150858704,0,0.0,0.0,1.0,289.0,1.0
150941559,0,2.0,49.0,192.0,106.0,1.0
15099160,0,0.0,559.0,105.0,191.0,1.0
151199348,0,1.0,104.0,357.0,246.0,1.0
151514204,0,15.0,2168.0,1492.0,586.0,1.0
15154253,0,1.0,1005.0,86.0,494.0,1.0
151672822,0,7.0,306.0,101.0,183.0,1.0
15167931,0,101.0,1067.0,349.0,1013.0,1.0
152061839,0,4.0,42.0,55.0,268.0,1.0
152068965,0,0.0,77.0,0.0,19152.0,1.0
152074766,0,0.0,39.0,0.0,19121.0,1.0
152203795,0,0.0,29.0,0.0,192.0,1.0
15233132,0,1969.0,29187.0,577.0,15971.0,1.0
15233659,0,713.0,24724.0,1315.0,6074.0,1.0
152428461,0,0.0,221.0,71.0,294.0,1.0
153287549,0,267.0,3982.0,2088.0,3336.0,1.0
153789477,0,0.0,876.0,1735.0,481.0,1.0
15431833,0,12.0,1356.0,1998.0,1280.0,1.0
15447049,0,2.0,273.0,468.0,276.0,1.0
15453666,0,0.0,301.0,8.0,671.0,1.0
154627192,0,0.0,125.0,38.0,26349.0,1.0
156308993,0,0.0,20.0,24.0,457.0,1.0
156478721,0,0.0,164.0,0.0,2411.0,1.0
156533782,0,3.0,336.0,395.0,366.0,1.0
15689698,0,81.0,8769.0,11196.0,78097.0,1.0
156925555,0,92.0,2052.0,1924.0,1005.0,1.0
157260205,0,0.0,38361.0,4.0,6251.0,1.0
158023178,0,2.0,190.0,82.0,154.0,1.0
158057053,0,7.0,275.0,507.0,176.0,1.0
158133563,0,0.0,107.0,0.0,15152.0,1.0
15824798,0,1.0,909.0,156.0,511.0,1.0
15834994,0,5.0,631.0,1513.0,289.0,1.0
15840088,0,8966.0,35971.0,620.0,5798.0,1.0
158522519,0,0.0,261.0,996.0,327.0,1.0
15904720,0,0.0,6235.0,0.0,8262.0,1.0
15936868,0,467.0,12627.0,9067.0,36413.0,1.0
159503178,0,2.0,729.0,2000.0,195.0,1.0
159932995,0,2.0,317.0,443.0,953.0,1.0
16030857,0,2.0,2461.0,3241.0,1254.0,1.0
160715607,0,0.0,26.0,20.0,277.0,1.0
16079569,0,0.0,1466.0,1200.0,387.0,1.0
160933589,0,0.0,29.0,0.0,203.0,1.0
160935065,0,3.0,179.0,246.0,456.0,1.0
16104602,0,3394.0,129450.0,1742.0,34057.0,1.0
16161860,0,278.0,10049.0,9976.0,2607.0,1.0
161704479,0,2.0,143.0,298.0,226.0,1.0
161977232,0,1.0,180.0,350.0,4977.0,1.0
16212975,0,1.0,34.0,15.0,281.0,1.0
163331248,0,0.0,163.0,75.0,223.0,1.0
163419867,0,1.0,39.0,103.0,120.0,1.0
163736405,0,1.0,132.0,162.0,5252.0,1.0
163783846,0,23.0,7777.0,260.0,15136.0,1.0
164063289,0,0.0,187.0,136.0,39999.0,1.0
164451181,0,1.0,1613.0,2051.0,2320.0,1.0
165003480,0,1.0,32.0,103.0,274.0,1.0
16511493,0,1.0,1901.0,1806.0,1126.0,1.0
165326951,0,1.0,35.0,13.0,251.0,1.0
165519648,0,330.0,1571.0,1973.0,1334.0,1.0
165599774,0,0.0,2075.0,2.0,14127.0,1.0
165718204,0,0.0,33.0,137.0,2082.0,1.0
165721657,0,0.0,25.0,15.0,165.0,1.0
165783247,0,0.0,1464.0,688.0,567.0,1.0
166231415,0,0.0,24.0,72.0,211.0,1.0
166531059,0,5.0,723.0,77.0,816.0,1.0
166676493,0,41.0,4728.0,2347.0,4517.0,1.0
167066847,0,61.0,3090.0,956.0,4679.0,1.0
167177238,0,1062.0,5131.0,2004.0,1792.0,1.0
167380232,0,0.0,94.0,65.0,920.0,1.0
167941763,0,0.0,5.0,14.0,442.0,1.0
16797952,0,0.0,69.0,70.0,362.0,1.0
168042658,0,1.0,252.0,1331.0,111.0,1.0
168159159,0,0.0,7552.0,8606.0,9940.0,1.0
168539099,0,0.0,6.0,14.0,447.0,1.0
168560298,0,0.0,106.0,670.0,164.0,1.0
16861311,0,117.0,99728.0,2078.0,34469.0,1.0
168791893,0,20.0,1918.0,2133.0,528.0,1.0
168926005,0,165.0,559.0,513.0,606.0,1.0
16917133,0,0.0,1007.0,784.0,24296.0,1.0
169328250,0,0.0,25.0,21.0,2958.0,1.0
16940043,0,744.0,264.0,222.0,739.0,1.0
16949713,0,0.0,8.0,9.0,3137.0,1.0
169584737,0,0.0,543.0,1.0,350.0,1.0
169738971,0,0.0,81.0,313.0,613.0,1.0
169839878,0,12.0,663.0,627.0,213.0,1.0
169882394,0,151.0,1915.0,1729.0,3895.0,1.0
17098149,0,0.0,81.0,84.0,1801.0,1.0
17098856,0,0.0,68.0,72.0,2223.0,1.0
171127733,0,77.0,158.0,135.0,229.0,1.0
17151912,0,0.0,16.0,26.0,600.0,1.0
171536462,0,0.0,855.0,193.0,3995.0,1.0
17155634,0,0.0,48.0,55.0,229.0,1.0
171947540,0,0.0,3.0,2.0,19052.0,1.0
171989084,0,0.0,74.0,306.0,381.0,1.0
172061287,0,33.0,1480.0,1995.0,813.0,1.0
17211783,0,0.0,52.0,57.0,180.0,1.0
17226351,0,0.0,276.0,31.0,3689.0,1.0
17250425,0,0.0,3.0,2.0,261.0,1.0
172640316,0,19.0,4046.0,4969.0,709.0,1.0
17266650,0,2.0,1065.0,1080.0,11603.0,1.0
172681182,0,1883.0,502.0,779.0,2667.0,1.0
17285933,0,0.0,45.0,47.0,423.0,1.0
173034138,0,0.0,12.0,6.0,1089.0,1.0
17328748,0,0.0,1.0,1.0,2187.0,1.0
17342205,0,0.0,51.0,57.0,841.0,1.0
173541242,0,8.0,192.0,439.0,4401.0,1.0
17357556,0,0.0,63.0,69.0,286.0,1.0
17358605,0,0.0,45.0,53.0,605.0,1.0
17370134,0,0.0,59.0,65.0,213.0,1.0
17379905,0,0.0,65.0,72.0,200.0,1.0
17382505,0,0.0,58.0,63.0,272.0,1.0
17386166,0,0.0,65.0,79.0,315.0,1.0
17386408,0,0.0,2.0,0.0,444.0,1.0
17386507,0,0.0,7.0,3.0,533.0,1.0
17395589,0,105.0,416.0,642.0,348.0,1.0
174029763,0,0.0,53.0,23.0,339.0,1.0
17403528,0,0.0,0.0,0.0,870.0,1.0
17403854,0,0.0,5.0,7.0,913.0,1.0
17405727,0,0.0,2.0,4.0,396.0,1.0
17419144,0,0.0,6.0,8.0,349.0,1.0
17433892,0,0.0,65.0,73.0,276.0,1.0
17434605,0,0.0,58.0,61.0,919.0,1.0
17435941,0,0.0,3.0,3.0,230.0,1.0
174379170,0,1.0,1664.0,410.0,10693.0,1.0
17438103,0,0.0,68.0,74.0,344.0,1.0
17440180,0,0.0,4.0,6.0,178.0,1.0
17440264,0,0.0,2.0,0.0,158.0,1.0
17459855,0,0.0,47.0,53.0,482.0,1.0
17461540,0,0.0,83.0,89.0,206.0,1.0
17461687,0,0.0,260.0,409.0,452.0,1.0
17462954,0,0.0,2.0,0.0,563.0,1.0
17478293,0,0.0,4125.0,3805.0,3539.0,1.0
17490169,0,0.0,2.0,0.0,554.0,1.0
175063547,0,0.0,42.0,13.0,299.0,1.0
175088999,0,0.0,8.0,108.0,2801.0,1.0
17555219,0,0.0,0.0,1.0,189.0,1.0
17555899,0,0.0,54.0,64.0,2154.0,1.0
17556324,0,0.0,90.0,112.0,1299.0,1.0
175708002,0,0.0,21.0,337.0,126.0,1.0
17585700,0,0.0,62.0,68.0,133.0,1.0
176332274,0,0.0,57.0,116.0,555.0,1.0
176391979,0,19.0,454.0,283.0,779.0,1.0
17662982,0,0.0,238.0,249.0,679.0,1.0
177131044,0,1075.0,1061.0,804.0,5188.0,1.0
177597478,0,171.0,531.0,452.0,1326.0,1.0
178122892,0,11.0,28.0,29.0,204.0,1.0
178827861,0,13.0,226.0,229.0,163.0,1.0
178846636,0,0.0,1.0,8.0,100.0,1.0
178909364,0,0.0,394.0,1932.0,757.0,1.0
179298707,0,0.0,125.0,153.0,150.0,1.0
179746623,0,18.0,3934.0,4273.0,14524.0,1.0
180381223,0,0.0,119.0,565.0,1773.0,1.0
18064246,0,69.0,252.0,11.0,569.0,1.0
18064246,0,69.0,251.0,11.0,569.0,1.0
180802394,0,0.0,201.0,39.0,422.0,1.0
18083793,0,121.0,181.0,288.0,405.0,1.0
181289590,0,0.0,106.0,778.0,140.0,1.0
181751543,0,1.0,35.0,59.0,246.0,1.0
181886998,0,0.0,51.0,83.0,383.0,1.0
181923786,0,216.0,1554.0,1062.0,3752.0,1.0
18251122,0,41.0,1246.0,1987.0,17440.0,1.0
18252796,0,3.0,2758.0,104.0,907.0,1.0
18309197,0,0.0,275.0,223.0,1150.0,1.0
183372530,0,0.0,586.0,1889.0,15.0,1.0
183388997,0,0.0,3.0,0.0,281.0,1.0
183773124,0,0.0,15.0,3.0,15726.0,1.0
184113038,0,0.0,86.0,296.0,648.0,1.0
184260454,0,16.0,12.0,123.0,236.0,1.0
184430214,0,3.0,380.0,523.0,529.0,1.0
184526907,0,0.0,15.0,28.0,223.0,1.0
185285088,0,0.0,104.0,175.0,115.0,1.0
18556585,0,0.0,856.0,0.0,35618.0,1.0
185578524,0,0.0,609.0,1658.0,184.0,1.0
185724214,0,5.0,250.0,763.0,1297.0,1.0
185803078,0,1.0,57.0,209.0,323.0,1.0
18628039,0,0.0,161.0,599.0,1303.0,1.0
18666525,0,1.0,56515.0,7803.0,5930.0,1.0
18666525,0,1.0,56503.0,7802.0,5930.0,1.0
186894573,0,0.0,53.0,37.0,393.0,1.0
187578997,0,4.0,3611.0,3926.0,486.0,1.0
187907757,0,3.0,1039.0,284.0,477.0,1.0
18791013,0,0.0,679.0,1936.0,147.0,1.0
187946292,0,12.0,50851.0,222.0,17071.0,1.0
188020332,0,0.0,266.0,939.0,867.0,1.0
188087070,0,0.0,110.0,3.0,158.0,1.0
18817450,0,77.0,165.0,139.0,1521.0,1.0
188183262,0,2.0,177.0,26.0,1704.0,1.0
188362171,0,17.0,15500.0,6086.0,132.0,1.0
188824629,0,1.0,113.0,364.0,190.0,1.0
18883747,0,23.0,1998.0,0.0,2064.0,1.0
189279839,0,2.0,1139.0,31.0,946.0,1.0
189834469,0,0.0,91.0,991.0,109.0,1.0
18999229,0,800.0,12535.0,1371.0,6099.0,1.0
18999763,0,1687.0,15196.0,2609.0,53779.0,1.0
190497987,0,215.0,10228.0,1192.0,3116.0,1.0
190831692,0,72.0,513.0,367.0,587.0,1.0
191230989,0,0.0,280.0,133.0,217.0,1.0
19140046,0,2.0,67.0,22.0,551.0,1.0
191556694,0,1.0,125.0,384.0,116.0,1.0
191560509,0,0.0,89.0,0.0,989.0,1.0
191984131,0,0.0,18.0,14.0,141.0,1.0
19234590,0,1.0,2215.0,233.0,504.0,1.0
192400637,0,1.0,179.0,45.0,1118.0,1.0
192824094,0,12.0,1528.0,1373.0,1332.0,1.0
193006061,0,10459.0,2574.0,259.0,19796.0,1.0
193020157,0,4.0,371.0,62.0,867.0,1.0
193097537,0,2475.0,563.0,1052.0,7285.0,1.0
193187987,0,2.0,6.0,8.0,130.0,1.0
193542211,0,0.0,240.0,573.0,172.0,1.0
193737616,0,0.0,60.0,11.0,6541.0,1.0
19397341,0,373.0,1308.0,528.0,2346.0,1.0
19407554,0,30.0,648.0,235.0,2159.0,1.0
194255310,0,3.0,282.0,727.0,135.0,1.0
194255310,0,3.0,281.0,727.0,135.0,1.0
194518840,0,1.0,43.0,54.0,374.0,1.0
194610327,0,0.0,2784.0,27.0,209.0,1.0
19531207,0,915.0,2961.0,856.0,3837.0,1.0
195657585,0,0.0,206.0,88.0,729.0,1.0
195954619,0,14.0,216.0,4.0,4196.0,1.0
196154602,0,77.0,316.0,521.0,411.0,1.0
196172612,0,0.0,234.0,1253.0,127.0,1.0
19662404,0,0.0,2949.0,973.0,697.0,1.0
196935628,0,0.0,45.0,173.0,1569.0,1.0
19725169,0,0.0,485.0,430.0,639.0,1.0
197432771,0,11.0,6194.0,233.0,848.0,1.0
197482364,0,1.0,732.0,743.0,1261.0,1.0
197660384,0,442.0,3140.0,2560.0,4094.0,1.0
19796265,0,0.0,999.0,1573.0,1130.0,1.0
198202892,0,0.0,2036.0,2684.0,16345.0,1.0
198413006,0,3.0,37.0,12.0,155.0,1.0
19852484,0,579.0,9923.0,5762.0,3343.0,1.0
19857350,0,4.0,146.0,151.0,291.0,1.0
198715892,0,0.0,181.0,675.0,1272.0,1.0
198781948,0,0.0,76.0,313.0,151.0,1.0
19883353,0,1.0,291.0,160.0,217.0,1.0
198872604,0,9.0,433.0,87.0,1015.0,1.0
199233549,0,89.0,2247.0,2473.0,2440.0,1.0
199721157,0,3.0,20.0,59.0,117.0,1.0
19977809,0,303.0,5807.0,827.0,4111.0,1.0
199813138,0,1177.0,3346.0,423.0,22427.0,1.0
199813138,0,1181.0,3353.0,422.0,22447.0,1.0
199831468,0,604.0,8947.0,481.0,2534.0,1.0
199908748,0,0.0,982.0,1772.0,1195.0,1.0
20040538,0,20.0,1519.0,725.0,2282.0,1.0
200482517,0,8.0,1244.0,1351.0,541.0,1.0
20052491,0,0.0,147.0,139.0,287.0,1.0
200828516,0,26.0,844.0,46.0,4882.0,1.0
201091096,0,0.0,11.0,0.0,776.0,1.0
201270848,0,1.0,374.0,100.0,1668.0,1.0
201333831,0,0.0,2140.0,1132.0,1982.0,1.0
201426716,0,0.0,39.0,1.0,192.0,1.0
201577724,0,0.0,59.0,170.0,157.0,1.0
201922926,0,0.0,270.0,970.0,982.0,1.0
202049007,0,0.0,31.0,143.0,1290.0,1.0
20216848,0,125.0,344.0,168.0,404.0,1.0
202348055,0,15.0,327.0,122.0,511.0,1.0
202576815,0,213.0,490.0,127.0,349.0,1.0
202774656,0,0.0,62.0,94.0,227.0,1.0
202802722,0,63.0,2314.0,121.0,9416.0,1.0
203203298,0,0.0,150.0,1.0,574.0,1.0
203416295,0,2.0,269.0,133.0,635.0,1.0
204270523,0,10.0,311.0,550.0,1617.0,1.0
204312576,0,0.0,49.0,12.0,5782.0,1.0
204340379,0,15.0,225.0,1084.0,185.0,1.0
204414550,0,0.0,80.0,155.0,130.0,1.0
204924170,0,107.0,550.0,631.0,744.0,1.0
205837526,0,0.0,170.0,490.0,123.0,1.0
20595084,0,145.0,1383.0,1771.0,2685.0,1.0
206059930,0,0.0,29.0,55.0,103.0,1.0
206059930,0,0.0,30.0,55.0,103.0,1.0
206223732,0,1.0,556.0,430.0,615.0,1.0
20629728,0,15.0,364.0,557.0,1277.0,1.0
206406422,0,0.0,7.0,0.0,17340.0,1.0
20667354,0,0.0,104.0,6.0,602.0,1.0
20684882,0,75.0,393.0,322.0,433.0,1.0
206857294,0,0.0,8.0,7.0,182.0,1.0
20724267,0,3.0,1943.0,0.0,287.0,1.0
207286017,0,18.0,407.0,471.0,659.0,1.0
207298439,0,83.0,1200.0,1710.0,859.0,1.0
20737168,0,13.0,124.0,137.0,1326.0,1.0
20778253,0,254.0,2562.0,527.0,2170.0,1.0
20794625,0,16.0,1440.0,911.0,2965.0,1.0
208066261,0,139.0,5343.0,594.0,706.0,1.0
20831999,0,0.0,649.0,322.0,141.0,1.0
208452113,0,4.0,864.0,434.0,1303.0,1.0
20852569,0,661.0,37753.0,40918.0,1394.0,1.0
209040318,0,0.0,48.0,182.0,257.0,1.0
209202558,0,1167.0,3728.0,1588.0,15852.0,1.0
209202558,0,1167.0,3736.0,1587.0,15856.0,1.0
209437254,0,6.0,220.0,847.0,323.0,1.0
20996704,0,0.0,105.0,25.0,826.0,1.0
21032777,0,22.0,180.0,426.0,1950.0,1.0
210369748,0,2.0,3122.0,2913.0,10557.0,1.0
210567365,0,75.0,677.0,561.0,1191.0,1.0
21082749,0,4.0,281.0,402.0,120.0,1.0
210945325,0,43.0,22075.0,152.0,234.0,1.0
210982731,0,2.0,48.0,137.0,107.0,1.0
21104725,0,87.0,28932.0,2624.0,4937.0,1.0
211292104,0,1.0,81.0,24.0,517.0,1.0
211622055,0,9.0,343.0,599.0,157.0,1.0
212351581,0,1.0,46.0,36.0,285.0,1.0
212374249,0,0.0,350.0,1820.0,2441.0,1.0
21255527,0,3.0,2177.0,401.0,149.0,1.0
21299778,0,526.0,17813.0,4537.0,9492.0,1.0
21310555,0,2.0,310.0,244.0,370.0,1.0
213381742,0,40.0,1110.0,357.0,3222.0,1.0
213590110,0,0.0,249.0,1948.0,524.0,1.0
21365817,0,16.0,725.0,150.0,576.0,1.0
213800916,0,0.0,48.0,51.0,200.0,1.0
213822808,0,0.0,32.0,1.0,2120.0,1.0
213927378,0,0.0,120.0,362.0,26575.0,1.0
214269361,0,0.0,3.0,0.0,158.0,1.0
21427192,0,0.0,83.0,184.0,213.0,1.0
21437260,0,0.0,787.0,777.0,9266.0,1.0
214839283,0,90.0,920.0,837.0,1215.0,1.0
215027256,0,0.0,18.0,148.0,22723.0,1.0
215050868,0,0.0,71.0,73.0,225.0,1.0
215658634,0,54.0,2965.0,1856.0,7019.0,1.0
215723375,0,0.0,691.0,1875.0,304.0,1.0
215851521,0,0.0,779.0,930.0,1842.0,1.0
216030188,0,0.0,68.0,41.0,457.0,1.0
216030188,0,0.0,68.0,41.0,463.0,1.0
21604059,0,0.0,7181.0,1106.0,189.0,1.0
216043919,0,0.0,70.0,1.0,432.0,1.0
216209109,0,0.0,116.0,247.0,463.0,1.0
216438436,0,193.0,823.0,1966.0,869.0,1.0
216472311,0,102.0,148.0,181.0,1232.0,1.0
217173108,0,0.0,254.0,352.0,492.0,1.0
217560012,0,0.0,627.0,1077.0,278.0,1.0
21772641,0,1752.0,3146.0,1580.0,7291.0,1.0
21780239,0,0.0,1910.0,195.0,876.0,1.0
21799433,0,287.0,1086.0,1336.0,3097.0,1.0
218010315,0,16.0,6715.0,3477.0,3174.0,1.0
21813268,0,0.0,1013.0,3.0,605.0,1.0
218198080,0,0.0,162.0,211.0,166.0,1.0
218323015,0,12.0,527.0,1150.0,3897.0,1.0
21834788,0,2382.0,1695.0,193.0,2188.0,1.0
21850767,0,4.0,293.0,104.0,462.0,1.0
219119588,0,18.0,226.0,327.0,511.0,1.0
219267638,0,27.0,977.0,1066.0,556.0,1.0
219440054,0,641.0,1096.0,418.0,2982.0,1.0
219454414,0,0.0,273.0,64.0,1989.0,1.0
219597639,0,2.0,3302.0,3438.0,930.0,1.0
21977432,0,3.0,278.0,160.0,562.0,1.0
219980934,0,83.0,574.0,408.0,2613.0,1.0
22001808,0,110.0,5673.0,2233.0,10549.0,1.0
220041966,0,226.0,1062.0,893.0,9372.0,1.0
220041966,0,226.0,1065.0,893.0,9372.0,1.0
220072871,0,43.0,321.0,459.0,705.0,1.0
22009288,0,0.0,124.0,39.0,945.0,1.0
220135650,0,26.0,525.0,213.0,434.0,1.0
22054347,0,7.0,1941.0,2240.0,599.0,1.0
220788189,0,15.0,192.0,308.0,2344.0,1.0
22080515,0,0.0,14414.0,9395.0,18088.0,1.0
22080515,0,0.0,14429.0,9394.0,18116.0,1.0
221713919,0,1.0,249.0,12.0,160.0,1.0
221812676,0,2.0,209.0,422.0,209.0,1.0
221829033,0,0.0,17.0,12.0,166.0,1.0
22206817,0,46.0,3352.0,190.0,893.0,1.0
222192793,0,149.0,2171.0,2073.0,12665.0,1.0
222472391,0,6.0,60.0,105.0,132.0,1.0
222594432,0,2.0,4866.0,187.0,680.0,1.0
222750341,0,19.0,43.0,22.0,354.0,1.0
22326076,0,1560.0,2265.0,1217.0,6507.0,1.0
223393625,0,0.0,26.0,4.0,118.0,1.0
223411889,0,3.0,232.0,480.0,508.0,1.0
223654511,0,0.0,16.0,0.0,144.0,1.0
223760483,0,1.0,844.0,700.0,74.0,1.0
224300854,0,0.0,705.0,604.0,677.0,1.0
224308705,0,0.0,440.0,733.0,529.0,1.0
224418638,0,82.0,577.0,427.0,1187.0,1.0
224461230,0,1408.0,1528.0,1370.0,10252.0,1.0
22472386,0,8.0,745.0,1219.0,1812.0,1.0
224806111,0,103.0,1521.0,88.0,1456.0,1.0
225011359,0,0.0,670.0,6.0,2317.0,1.0
22521029,0,7.0,663.0,2001.0,650.0,1.0
226057818,0,0.0,35.0,36.0,114.0,1.0
22609016,0,88.0,1291.0,671.0,599.0,1.0
226328602,0,0.0,60.0,25.0,298.0,1.0
226334148,0,140.0,176.0,311.0,661.0,1.0
22640712,0,201.0,6039.0,420.0,5845.0,1.0
226647445,0,18.0,476.0,1450.0,1867.0,1.0
226653977,0,0.0,280.0,523.0,264.0,1.0
227076288,0,90.0,1078.0,283.0,1238.0,1.0
2271291,0,28.0,822.0,34.0,407.0,1.0
22730856,0,0.0,148.0,0.0,416.0,1.0
227666821,0,0.0,673.0,110.0,2280.0,1.0
22778587,0,0.0,147.0,140.0,123.0,1.0
227864491,0,0.0,2406.0,754.0,15193.0,1.0
228241385,0,0.0,731.0,151.0,5376.0,1.0
228343860,0,96.0,62217.0,2346.0,785.0,1.0
22845222,0,204.0,962.0,673.0,674.0,1.0
228499969,0,0.0,5.0,12.0,173.0,1.0
229020789,0,0.0,46.0,152.0,323.0,1.0
229858277,0,38.0,3800.0,1373.0,12529.0,1.0
230414614,0,0.0,25.0,19.0,6760.0,1.0
23068470,0,19.0,3450.0,1341.0,6544.0,1.0
231164741,0,10.0,708.0,1970.0,891.0,1.0
231513392,0,0.0,16.0,14.0,159.0,1.0
231687126,0,9.0,502.0,165.0,652.0,1.0
231839201,0,117.0,1898.0,340.0,1108.0,1.0
231899917,0,0.0,82.0,81.0,255.0,1.0
232055501,0,1.0,384.0,915.0,353.0,1.0
232132032,0,32.0,407.0,564.0,5958.0,1.0
232383581,0,27.0,9810.0,930.0,1651.0,1.0
232890444,0,0.0,16.0,23.0,296.0,1.0
23346650,0,0.0,1285.0,438.0,2439.0,1.0
233613778,0,3.0,20.0,11.0,1909.0,1.0
233936314,0,921.0,2647.0,249.0,5228.0,1.0
23406195,0,0.0,305.0,4.0,323.0,1.0
234068988,0,70.0,834.0,981.0,3128.0,1.0
234482182,0,770.0,5956.0,5925.0,1873.0,1.0
234647140,0,0.0,43.0,26.0,1615.0,1.0
234854749,0,3.0,2188.0,211.0,4744.0,1.0
234888101,0,0.0,295.0,536.0,359.0,1.0
23506547,0,69.0,1975.0,1412.0,1470.0,1.0
235127802,0,358.0,1498.0,1899.0,5500.0,1.0
235195799,0,0.0,175.0,17.0,304.0,1.0
235252184,0,25.0,818.0,534.0,277.0,1.0
235500557,0,0.0,273.0,922.0,113.0,1.0
23569828,0,0.0,190.0,39.0,2342.0,1.0
235918638,0,5.0,93.0,83.0,416.0,1.0
236081929,0,0.0,58.0,38.0,598.0,1.0
23621718,0,0.0,3898.0,4572.0,21098.0,1.0
236439315,0,0.0,22.0,30.0,1726.0,1.0
236533740,0,7.0,961.0,1344.0,1452.0,1.0
23672650,0,0.0,503.0,884.0,255.0,1.0
23679513,0,0.0,150.0,49.0,125.0,1.0
236819903,0,50.0,164.0,199.0,208.0,1.0
236894811,0,9.0,290.0,780.0,226.0,1.0
237046292,0,1.0,110.0,223.0,340.0,1.0
237350266,0,42926.0,5500.0,1110.0,14952.0,1.0
237350315,0,6.0,81.0,202.0,108.0,1.0
237517796,0,0.0,874.0,14.0,44637.0,1.0
23821677,0,0.0,202.0,100.0,445.0,1.0
23841182,0,2010.0,792.0,1196.0,2778.0,1.0
238614748,0,73.0,1044.0,1531.0,3423.0,1.0
238795761,0,0.0,35.0,34.0,2236.0,1.0
239135243,0,0.0,81.0,28.0,113.0,1.0
239478639,0,39.0,1376.0,266.0,1184.0,1.0
239670865,0,65.0,578.0,504.0,1229.0,1.0
239695381,0,0.0,20.0,49.0,180.0,1.0
239709647,0,0.0,99.0,12.0,134.0,1.0
239849039,0,86.0,1526.0,267.0,1685.0,1.0
239878702,0,0.0,138.0,143.0,375.0,1.0
240359023,0,7.0,2322.0,1087.0,2517.0,1.0
240410255,0,0.0,500.0,854.0,194.0,1.0
240734852,0,0.0,67.0,12.0,119.0,1.0
241277256,0,0.0,112.0,212.0,636.0,1.0
241619598,0,47.0,369.0,328.0,429.0,1.0
241933061,0,2.0,262.0,43.0,390.0,1.0
24203306,0,0.0,8319.0,55.0,5635.0,1.0
242460866,0,4.0,89.0,170.0,869.0,1.0
24257179,0,0.0,95.0,156.0,173.0,1.0
242747374,0,0.0,432.0,894.0,450.0,1.0
243204177,0,1324.0,9849.0,3364.0,2672.0,1.0
243290837,0,107.0,2918.0,2273.0,1545.0,1.0
243328269,0,72.0,825.0,107.0,1172.0,1.0
243431103,0,0.0,153.0,185.0,129.0,1.0
243746947,0,0.0,124.0,0.0,174.0,1.0
243854481,0,12.0,554.0,887.0,581.0,1.0
244014836,0,9.0,1798.0,321.0,2279.0,1.0
244030118,0,186.0,615.0,541.0,306.0,1.0
244056525,0,1.0,55.0,152.0,101.0,1.0
244152710,0,33.0,132.0,342.0,192.0,1.0
244341748,0,1.0,117.0,337.0,935.0,1.0
244373181,0,44.0,592.0,775.0,217.0,1.0
24461134,0,774.0,2686.0,1507.0,3359.0,1.0
244970726,0,13.0,374.0,953.0,172.0,1.0
245054983,0,15.0,1596.0,504.0,3958.0,1.0
245693848,0,165.0,1295.0,1937.0,3267.0,1.0
245710762,0,0.0,1723.0,1967.0,1172.0,1.0
245890541,0,12.0,275.0,38.0,697.0,1.0
245907714,0,10.0,612.0,419.0,865.0,1.0
245986834,0,0.0,67.0,61.0,132.0,1.0
246116516,0,0.0,27.0,13.0,696.0,1.0
246158124,0,973.0,153.0,120.0,943.0,1.0
246344995,0,0.0,15.0,22.0,225.0,1.0
246545828,0,97.0,1709.0,340.0,1754.0,1.0
24685089,0,148.0,1104.0,1183.0,4359.0,1.0
24736682,0,161.0,9003.0,371.0,30922.0,1.0
24793492,0,2.0,245.0,15.0,230.0,1.0
24904735,0,0.0,1982.0,1664.0,6378.0,1.0
249110583,0,1056.0,27498.0,1972.0,6937.0,1.0
24911135,0,191.0,951.0,458.0,5023.0,1.0
24920831,0,550.0,1458.0,810.0,4099.0,1.0
249237338,0,155.0,820.0,1440.0,1357.0,1.0
249573475,0,0.0,2316.0,339.0,7270.0,1.0
24960967,0,239.0,1652.0,818.0,1128.0,1.0
249754255,0,15.0,322.0,39.0,150.0,1.0
249810932,0,0.0,29.0,34.0,1487.0,1.0
250222643,0,0.0,12707.0,1572.0,206.0,1.0
250713724,0,0.0,223.0,230.0,1458.0,1.0
251125571,0,1.0,129.0,1036.0,2284.0,1.0
252155464,0,21.0,171.0,109.0,264.0,1.0
252180046,0,9.0,169.0,187.0,224.0,1.0
25221065,0,26.0,87.0,270.0,289.0,1.0
252528624,0,2.0,591.0,1918.0,644.0,1.0
252548953,0,0.0,20.0,18.0,1335.0,1.0
252660646,0,730.0,322.0,110.0,3465.0,1.0
252686411,0,10.0,257.0,121.0,365.0,1.0
25301938,0,1.0,107.0,54.0,3139.0,1.0
253146939,0,44.0,101.0,181.0,112.0,1.0
253254548,0,1.0,68.0,42.0,122.0,1.0
2533821,0,0.0,17889.0,7641.0,289.0,1.0
25345835,0,0.0,112.0,79.0,209.0,1.0
253480046,0,0.0,276.0,471.0,119.0,1.0
253867847,0,1.0,355.0,1711.0,99370.0,1.0
25392290,0,1.0,255.0,105.0,245.0,1.0
254688595,0,11.0,1531.0,585.0,741.0,1.0
255420245,0,206.0,194.0,61.0,413.0,1.0
255610822,0,30.0,160.0,289.0,177.0,1.0
255775893,0,0.0,2143.0,2819.0,223.0,1.0
256517243,0,1.0,168.0,10.0,354.0,1.0
256685192,0,0.0,265.0,94.0,760.0,1.0
257037203,0,2.0,134.0,84.0,395.0,1.0
257248812,0,19.0,122.0,342.0,136.0,1.0
257356423,0,2.0,555.0,1289.0,291.0,1.0
257458585,0,1.0,18.0,17.0,189.0,1.0
257852591,0,174.0,1249.0,325.0,2466.0,1.0
258088997,0,346.0,764.0,769.0,2500.0,1.0
258563992,0,39.0,482.0,1708.0,891.0,1.0
258616785,0,4.0,8.0,17.0,105.0,1.0
258696818,0,0.0,247.0,20.0,156.0,1.0
25870759,0,4.0,69.0,92.0,368.0,1.0
258813738,0,122.0,1390.0,1930.0,1038.0,1.0
259186649,0,17.0,424.0,435.0,1197.0,1.0
259352700,0,24.0,1448.0,1246.0,456.0,1.0
259417539,0,3.0,88.0,131.0,402.0,1.0
259650878,0,193.0,3084.0,476.0,7513.0,1.0
259838826,0,0.0,170.0,521.0,1312.0,1.0
259852081,0,60.0,75.0,111.0,788.0,1.0
259889537,0,15.0,138.0,272.0,384.0,1.0
26094890,0,4.0,1898.0,779.0,2830.0,1.0
26106753,0,547.0,7564.0,2170.0,4063.0,1.0
261106796,0,0.0,54.0,139.0,329.0,1.0
261170721,0,119.0,205.0,102.0,2649.0,1.0
261917033,0,9.0,229.0,147.0,1150.0,1.0
262242792,0,5.0,159.0,180.0,164.0,1.0
262513808,0,0.0,12.0,159.0,115.0,1.0
262859291,0,0.0,26.0,12.0,1659.0,1.0
263236789,0,11.0,588.0,1469.0,7281.0,1.0
263309770,0,62.0,38.0,15.0,152.0,1.0
263412574,0,0.0,319.0,195.0,162.0,1.0
264284717,0,0.0,481.0,1798.0,5364.0,1.0
26455347,0,492.0,1196.0,1111.0,2021.0,1.0
264744541,0,1.0,82.0,18.0,1063.0,1.0
266331419,0,617.0,606.0,934.0,1865.0,1.0
267074268,0,0.0,334.0,379.0,119.0,1.0
267844797,0,0.0,12.0,15.0,6212.0,1.0
267875619,0,7.0,133.0,97.0,1463.0,1.0
267875619,0,7.0,134.0,97.0,1467.0,1.0
268182737,0,0.0,335.0,1054.0,599.0,1.0
268720872,0,0.0,59.0,80.0,439.0,1.0
26873814,0,0.0,100.0,20.0,3318.0,1.0
269483289,0,3.0,860.0,1761.0,177.0,1.0
269687116,0,0.0,44.0,14.0,893.0,1.0
269787210,0,15.0,1193.0,1826.0,184.0,1.0
270203099,0,0.0,12.0,6.0,115.0,1.0
270211644,0,5.0,184.0,388.0,387.0,1.0
270497462,0,1.0,848.0,585.0,209.0,1.0
270968062,0,0.0,625.0,545.0,254.0,1.0
271560756,0,4.0,125.0,394.0,799.0,1.0
271589811,0,0.0,675.0,1980.0,2623.0,1.0
271828440,0,0.0,4.0,35.0,1656.0,1.0
271919192,0,0.0,107.0,26.0,459.0,1.0
272983344,0,850.0,1471.0,629.0,1767.0,1.0
273616941,0,835.0,391.0,1653.0,3147.0,1.0
273630039,0,1.0,201.0,157.0,870.0,1.0
273665871,0,1480.0,47144.0,391.0,15515.0,1.0
273935884,0,1153.0,25286.0,4242.0,17040.0,1.0
27411227,0,169.0,5756.0,6627.0,1517.0,1.0
274549878,0,0.0,352.0,726.0,192.0,1.0
274630633,0,11.0,503.0,1114.0,393.0,1.0
27466679,0,1.0,360.0,341.0,281.0,1.0
274706854,0,1.0,51.0,13.0,113.0,1.0
274735990,0,12.0,203.0,42.0,123.0,1.0
274757548,0,0.0,77.0,93.0,178.0,1.0
274951609,0,3.0,207.0,107.0,156.0,1.0
275003982,0,522.0,585.0,268.0,1948.0,1.0
275081530,0,30.0,481.0,416.0,221.0,1.0
27598743,0,139.0,28459.0,2.0,2922.0,1.0
27626557,0,0.0,9188.0,10329.0,1120.0,1.0
276432338,0,3.0,320.0,143.0,777.0,1.0
276639430,0,115.0,752.0,1290.0,2662.0,1.0
276645324,0,1.0,44.0,148.0,154.0,1.0
276773923,0,0.0,1353.0,1972.0,822.0,1.0
277295554,0,62.0,600.0,926.0,1088.0,1.0
277386909,0,0.0,15194.0,3.0,8896.0,1.0
277407764,0,0.0,974.0,1920.0,220.0,1.0
27760531,0,732.0,5477.0,2260.0,4771.0,1.0
277637502,0,4.0,427.0,943.0,318.0,1.0
277647231,0,1.0,82.0,289.0,608.0,1.0
27787454,0,24.0,289.0,28.0,660.0,1.0
277985183,0,604.0,95908.0,417.0,8668.0,1.0
278100414,0,9.0,945.0,732.0,243.0,1.0
278106698,0,0.0,1347.0,1772.0,252.0,1.0
278252108,0,5.0,5350.0,440.0,1189.0,1.0
278685064,0,446.0,2080.0,2195.0,5189.0,1.0
278757342,0,18.0,1201.0,469.0,682.0,1.0
27897743,0,162.0,2726.0,247.0,1554.0,1.0
279168243,0,116.0,592.0,149.0,38.0,1.0
279355266,0,0.0,23.0,5.0,653.0,1.0
280440468,0,168.0,1302.0,188.0,2795.0,1.0
280440468,0,168.0,1302.0,188.0,2793.0,1.0
280482972,0,214.0,2339.0,1136.0,1407.0,1.0
280642020,0,1.0,324.0,451.0,158.0,1.0
280650730,0,2.0,162.0,54.0,354.0,1.0
280653370,0,14.0,410.0,967.0,680.0,1.0
280919779,0,2.0,189.0,159.0,686.0,1.0
28203114,0,1.0,298.0,210.0,870.0,1.0
282084326,0,0.0,344.0,513.0,1155.0,1.0
282099011,0,10184.0,12221.0,10834.0,8073.0,1.0
282778573,0,2.0,46.0,128.0,887.0,1.0
282840542,0,4.0,1124.0,1710.0,1527.0,1.0
28345325,0,0.0,427.0,534.0,116.0,1.0
28356793,0,0.0,564.0,24.0,186.0,1.0
284025278,0,1.0,380.0,78.0,156.0,1.0
284027194,0,859.0,1578.0,575.0,3378.0,1.0
28408824,0,20.0,1397.0,286.0,572.0,1.0
28409399,0,2331.0,6848.0,217.0,2105.0,1.0
284187929,0,0.0,756.0,1492.0,104.0,1.0
284192794,0,0.0,63.0,90.0,107.0,1.0
284278048,0,401.0,841.0,710.0,1821.0,1.0
284278048,0,401.0,840.0,710.0,1821.0,1.0
28456035,0,1.0,195.0,636.0,279.0,1.0
284877399,0,0.0,14.0,10.0,271.0,1.0
28525353,0,0.0,39.0,18.0,151.0,1.0
285378164,0,18.0,589.0,444.0,434.0,1.0
285807310,0,0.0,151.0,56.0,559.0,1.0
28646058,0,53.0,918.0,464.0,1765.0,1.0
286680435,0,8.0,297.0,88.0,184.0,1.0
286695252,0,9.0,82.0,174.0,2833.0,1.0
286879474,0,1.0,143.0,206.0,535.0,1.0
287906163,0,0.0,31.0,68.0,127.0,1.0
288213921,0,2.0,484.0,1087.0,5748.0,1.0
288381705,0,0.0,9.0,7.0,20911.0,1.0
288523965,0,60.0,171.0,109.0,246.0,1.0
289082891,0,34.0,941.0,746.0,1007.0,1.0
289107442,0,0.0,366.0,274.0,137.0,1.0
289160878,0,13.0,282.0,457.0,258.0,1.0
289278869,0,21.0,952.0,1726.0,1649.0,1.0
289539155,0,0.0,82.0,0.0,3969.0,1.0
289567666,0,61.0,802.0,1999.0,262.0,1.0
289664602,0,0.0,19.0,6.0,105.0,1.0
290009041,0,126.0,1927.0,166.0,888.0,1.0
29064503,0,1.0,112.0,201.0,143.0,1.0
290890213,0,1.0,44.0,73.0,108.0,1.0
29139473,0,0.0,117.0,295.0,838.0,1.0
291449707,0,3.0,17.0,101.0,122.0,1.0
292020876,0,98.0,16611.0,9167.0,5307.0,1.0
292171097,0,77.0,1536.0,456.0,3666.0,1.0
292187045,0,1.0,96.0,336.0,843.0,1.0
292944707,0,3.0,18.0,134.0,208.0,1.0
293058757,0,0.0,52.0,1.0,2518.0,1.0
293386689,0,0.0,307.0,573.0,292.0,1.0
293960571,0,20.0,277.0,81.0,2095.0,1.0
294065439,0,13.0,47.0,320.0,430.0,1.0
294091231,0,0.0,321.0,455.0,1582.0,1.0
294110213,0,21.0,1389.0,701.0,4366.0,1.0
294177455,0,26.0,492.0,482.0,167.0,1.0
294217399,0,430.0,1949.0,2143.0,3414.0,1.0
294223903,0,3.0,111.0,181.0,262.0,1.0
294785342,0,23.0,388.0,442.0,161.0,1.0
295160612,0,0.0,3903.0,5077.0,418.0,1.0
295360940,0,14.0,184.0,388.0,159.0,1.0
295681506,0,7.0,367.0,51.0,342.0,1.0
29584694,0,0.0,1139.0,23.0,718.0,1.0
296160161,0,223.0,3994.0,73.0,1249.0,1.0
296949112,0,1.0,278.0,1769.0,204.0,1.0
29701247,0,15.0,508.0,669.0,4066.0,1.0
297190169,0,17.0,151.0,198.0,241.0,1.0
29729175,0,82.0,724.0,531.0,1254.0,1.0
29750620,0,0.0,18.0,50.0,133.0,1.0
298239025,0,5.0,429.0,96.0,367.0,1.0
29832799,0,11.0,290.0,619.0,303.0,1.0
298566254,0,0.0,779.0,450.0,28954.0,1.0
298691262,0,69.0,97.0,53.0,723.0,1.0
29902047,0,6.0,89.0,228.0,2481.0,1.0
299649961,0,3.0,225.0,294.0,3883.0,1.0
299849022,0,0.0,0.0,0.0,11757.0,1.0
299961380,0,0.0,85.0,317.0,428.0,1.0
300481454,0,7.0,572.0,686.0,693.0,1.0
301612838,0,3.0,5732.0,6819.0,421.0,1.0
301882994,0,0.0,3.0,0.0,7718.0,1.0
301942728,0,59.0,1050.0,1509.0,712.0,1.0
302084654,0,1.0,450.0,1123.0,347.0,1.0
302194778,0,11.0,618.0,1278.0,592.0,1.0
302484756,0,25.0,100.0,15.0,1024.0,1.0
303970933,0,1.0,19.0,26.0,421.0,1.0
30412265,0,0.0,2261.0,169.0,510.0,1.0
30458291,0,5.0,271.0,306.0,204.0,1.0
305017027,0,1.0,19.0,36.0,118.0,1.0
305468443,0,0.0,1625.0,1495.0,716.0,1.0
305581600,0,6.0,1083.0,109.0,693.0,1.0
305950026,0,1.0,28.0,63.0,139.0,1.0
305962195,0,80.0,552.0,472.0,1134.0,1.0
307810208,0,29.0,36.0,6.0,44569.0,1.0
308434070,0,11.0,941.0,1464.0,351.0,1.0
308564449,0,1.0,66.0,27.0,415.0,1.0
308633506,0,12.0,110.0,96.0,120.0,1.0
308663071,0,0.0,222.0,794.0,388.0,1.0
30884535,0,1.0,261.0,64.0,763.0,1.0
308880776,0,1.0,10.0,22.0,407.0,1.0
309494233,0,199.0,8796.0,8808.0,15209.0,1.0
309716941,0,3.0,66.0,112.0,424.0,1.0
309784474,0,98.0,52.0,41.0,922.0,1.0
309793516,0,162.0,237.0,142.0,541.0,1.0
309797017,0,398.0,268.0,468.0,1868.0,1.0
31015485,0,267.0,732.0,25.0,700.0,1.0
310209347,0,5.0,30.0,127.0,968.0,1.0
311574891,0,0.0,6.0,1.0,936.0,1.0
31163182,0,14.0,363.0,200.0,235.0,1.0
311669958,0,30.0,136.0,78.0,188.0,1.0
31228223,0,8.0,1065.0,1429.0,1662.0,1.0
312331305,0,0.0,287.0,903.0,504.0,1.0
312474543,0,121.0,168.0,626.0,223.0,1.0
312571505,0,11.0,931.0,420.0,945.0,1.0
312712252,0,6.0,3415.0,2935.0,370.0,1.0
312745154,0,0.0,13.0,5.0,247.0,1.0
312756538,0,158.0,973.0,1087.0,2789.0,1.0
31299409,0,861.0,7764.0,64.0,1813.0,1.0
313478014,0,1.0,160.0,408.0,113.0,1.0
313760679,0,57.0,729.0,537.0,2337.0,1.0
313899158,0,0.0,103.0,219.0,233.0,1.0
314387089,0,90.0,3711.0,986.0,25277.0,1.0
314419484,0,0.0,22.0,72.0,2921.0,1.0
31443046,0,1.0,1486.0,254.0,484.0,1.0
314591577,0,99.0,155.0,150.0,342.0,1.0
31461698,0,103.0,2653.0,1489.0,2222.0,1.0
31483878,0,336.0,4154.0,654.0,1117.0,1.0
316186926,0,3.0,53.0,231.0,748.0,1.0
31622591,0,0.0,360.0,451.0,6698.0,1.0
316582494,0,0.0,77.0,86.0,333.0,1.0
316766357,0,61.0,2190.0,1611.0,6388.0,1.0
317125346,0,264.0,1493.0,487.0,1331.0,1.0
317246121,0,292.0,544.0,601.0,1147.0,1.0
317320422,0,233.0,1258.0,395.0,1053.0,1.0
317402303,0,705.0,40242.0,2527.0,1333.0,1.0
318021867,0,0.0,42.0,414.0,146.0,1.0
318036386,0,0.0,29.0,32.0,289.0,1.0
321223564,0,0.0,14.0,0.0,177.0,1.0
321481598,0,0.0,4758.0,4856.0,47383.0,1.0
321568621,0,154.0,379.0,550.0,1631.0,1.0
322107763,0,6.0,509.0,783.0,1474.0,1.0
32230773,0,0.0,144.0,14.0,1240.0,1.0
32249249,0,108.0,1984.0,377.0,727.0,1.0
322595826,0,14.0,499.0,391.0,429.0,1.0
322819051,0,111.0,600.0,1209.0,1971.0,1.0
323349349,0,62.0,320.0,312.0,1127.0,1.0
323367286,0,0.0,262.0,347.0,1569.0,1.0
323466991,0,47.0,569.0,260.0,1456.0,1.0
32411461,0,1.0,265.0,9.0,196.0,1.0
324404158,0,0.0,4.0,11.0,166.0,1.0
32447898,0,1.0,437.0,6.0,1667.0,1.0
324575255,0,123.0,370.0,458.0,3066.0,1.0
32460117,0,4375.0,1102.0,846.0,10284.0,1.0
32460117,0,4375.0,1103.0,845.0,10284.0,1.0
324632240,0,0.0,3.0,4.0,134.0,1.0
324957570,0,0.0,38.0,4.0,182.0,1.0
325446852,0,11.0,812.0,307.0,1049.0,1.0
325639362,0,119.0,280.0,506.0,620.0,1.0
325639362,0,119.0,280.0,505.0,620.0,1.0
325653655,0,7.0,453.0,315.0,194.0,1.0
325764626,0,0.0,1028.0,673.0,1704.0,1.0
325835945,0,1.0,73.0,74.0,109.0,1.0
326308430,0,118.0,187.0,61.0,1928.0,1.0
326569004,0,0.0,102.0,0.0,557.0,1.0
327602938,0,1.0,273.0,195.0,224.0,1.0
328710286,0,6.0,40.0,45.0,111.0,1.0
328887360,0,0.0,126.0,35.0,32569.0,1.0
329411373,0,119.0,762.0,1384.0,1141.0,1.0
329704342,0,3.0,940.0,1018.0,2664.0,1.0
330218002,0,0.0,882.0,1859.0,107.0,1.0
330531211,0,0.0,174.0,13.0,1384.0,1.0
330566644,0,0.0,85.0,31.0,215.0,1.0
331529115,0,0.0,54.0,11.0,9458.0,1.0
331805705,0,0.0,41.0,104.0,575.0,1.0
331894300,0,5.0,158.0,75.0,243.0,1.0
332641541,0,0.0,36.0,51.0,115.0,1.0
333563921,0,0.0,13.0,6.0,206.0,1.0
333692333,0,0.0,4221.0,1.0,1284.0,1.0
333933957,0,1.0,17.0,23.0,461.0,1.0
334176238,0,0.0,399.0,179.0,180.0,1.0
335111596,0,39.0,86.0,37.0,161.0,1.0
335668946,0,0.0,233.0,3.0,627.0,1.0
33568975,0,1.0,1261.0,226.0,1567.0,1.0
33596653,0,9326.0,16459.0,2330.0,9700.0,1.0
336043945,0,0.0,83.0,103.0,1932.0,1.0
33619536,0,23.0,1721.0,48.0,668.0,1.0
336234963,0,80.0,60.0,370.0,1323.0,1.0
33642735,0,45.0,18872.0,3724.0,12385.0,1.0
336557568,0,41.0,393.0,80.0,607.0,1.0
33676461,0,43.0,1626.0,604.0,1040.0,1.0
336899528,0,0.0,49.0,4.0,173.0,1.0
33708097,0,59.0,951.0,1949.0,1828.0,1.0
337879500,0,0.0,25.0,40.0,705.0,1.0
338115423,0,1.0,57.0,204.0,195.0,1.0
338270591,0,27.0,850.0,63.0,1233.0,1.0
338321972,0,0.0,23448.0,14423.0,1390.0,1.0
338890191,0,0.0,3236.0,140.0,955.0,1.0
339079637,0,1.0,168.0,81.0,515.0,1.0
339168493,0,0.0,264.0,251.0,30534.0,1.0
339172481,0,10.0,210.0,85.0,757.0,1.0
339236341,0,0.0,2.0,5.0,628.0,1.0
339268096,0,0.0,245.0,624.0,196.0,1.0
339276737,0,2.0,1245.0,352.0,21381.0,1.0
339303268,0,361.0,1934.0,1796.0,1622.0,1.0
339671870,0,2.0,1081.0,1961.0,525.0,1.0
339701619,0,0.0,30.0,22.0,110.0,1.0
339730398,0,1.0,46.0,130.0,673.0,1.0
33999220,0,238.0,731.0,877.0,108959.0,1.0
340073890,0,0.0,5.0,40.0,186.0,1.0
340986362,0,0.0,58.0,139.0,346.0,1.0
341586727,0,0.0,542.0,707.0,292.0,1.0
342059556,0,0.0,10.0,6.0,269.0,1.0
34207014,0,1.0,865.0,209.0,1193.0,1.0
34221680,0,11.0,4261.0,2043.0,223.0,1.0
34247002,0,114.0,1926.0,943.0,1802.0,1.0
342724494,0,0.0,47.0,11.0,632.0,1.0
34278174,0,0.0,535.0,96.0,492.0,1.0
343217283,0,0.0,76.0,60.0,135.0,1.0
34350330,0,113.0,416.0,306.0,1915.0,1.0
343520975,0,16.0,959.0,75.0,2798.0,1.0
3435441,0,1.0,1962.0,1606.0,3104.0,1.0
344059124,0,50.0,6654.0,7866.0,772.0,1.0
34484618,0,282.0,915.0,469.0,2332.0,1.0
34487071,0,1097.0,2864.0,286.0,2528.0,1.0
344874088,0,15.0,1557.0,1523.0,227.0,1.0
345644478,0,101.0,451.0,381.0,533.0,1.0
34629227,0,2.0,244.0,727.0,691.0,1.0
346545744,0,0.0,17.0,1.0,118.0,1.0
34711716,0,26.0,401.0,218.0,1706.0,1.0
347248667,0,0.0,666.0,180.0,1107.0,1.0
347453950,0,1.0,4535.0,5013.0,32931.0,1.0
347668366,0,0.0,209.0,942.0,1712.0,1.0
34775724,0,44.0,670.0,235.0,948.0,1.0
347966302,0,537.0,79.0,274.0,2284.0,1.0
348288633,0,5.0,254.0,223.0,179.0,1.0
348541424,0,26.0,938.0,419.0,601.0,1.0
348559419,0,0.0,204.0,366.0,505.0,1.0
348668355,0,0.0,49.0,178.0,173.0,1.0
349247593,0,0.0,39.0,152.0,327.0,1.0
349599776,0,36.0,1442.0,1236.0,1401.0,1.0
349672941,0,1.0,471.0,1975.0,661.0,1.0
350627052,0,1.0,1468.0,1634.0,560.0,1.0
350940396,0,571.0,2379.0,1612.0,2513.0,1.0
351053011,0,3.0,766.0,633.0,407.0,1.0
351948838,0,0.0,242.0,1777.0,188.0,1.0
352452560,0,0.0,28.0,8.0,438.0,1.0
352560310,0,1.0,37.0,45.0,111.0,1.0
352825404,0,6.0,143.0,237.0,3474.0,1.0
353007461,0,199.0,1444.0,1998.0,831.0,1.0
353078391,0,105.0,414.0,844.0,3115.0,1.0
353085935,0,13.0,843.0,607.0,572.0,1.0
353116981,0,63.0,444.0,463.0,1644.0,1.0
353868026,0,0.0,199.0,54.0,193.0,1.0
354726233,0,6.0,132.0,198.0,296.0,1.0
354822580,0,4269.0,4656.0,1357.0,10370.0,1.0
355205101,0,1.0,362.0,633.0,153.0,1.0
355286668,0,1.0,514.0,373.0,3121.0,1.0
355327191,0,10.0,118.0,101.0,936.0,1.0
35539360,0,190.0,5884.0,2982.0,7116.0,1.0
355846821,0,1.0,299.0,698.0,2631.0,1.0
356200778,0,0.0,24.0,5.0,156.0,1.0
356223968,0,20.0,102.0,315.0,130.0,1.0
356295594,0,1000.0,1096.0,1029.0,2718.0,1.0
356369510,0,0.0,389.0,752.0,400.0,1.0
356861331,0,1.0,488.0,316.0,996.0,1.0
356879740,0,0.0,94.0,204.0,111.0,1.0
357130908,0,22.0,249.0,86.0,269.0,1.0
357208956,0,13.0,1132.0,96.0,1838.0,1.0
357674108,0,148.0,14233.0,12715.0,2927.0,1.0
357964568,0,3.0,103.0,178.0,279.0,1.0
358285191,0,2.0,152.0,43.0,519.0,1.0
358417669,0,3.0,577.0,393.0,929.0,1.0
358488292,0,113.0,707.0,294.0,658.0,1.0
35860334,0,0.0,2050.0,1641.0,474.0,1.0
358930782,0,258.0,967.0,907.0,1597.0,1.0
358987269,0,0.0,27.0,99.0,211.0,1.0
359110784,0,14.0,160.0,416.0,602.0,1.0
359462745,0,1.0,415.0,187.0,305.0,1.0
359482669,0,4.0,253.0,509.0,323.0,1.0
359976606,0,160.0,282.0,396.0,2779.0,1.0
360142898,0,113.0,846.0,757.0,3188.0,1.0
360245136,0,7.0,425.0,1813.0,297.0,1.0
360661959,0,42.0,1383.0,23.0,809.0,1.0
360753012,0,0.0,286.0,3.0,305.0,1.0
360795036,0,508.0,1856.0,1667.0,2260.0,1.0
360922554,0,0.0,239.0,10.0,317.0,1.0
361034289,0,0.0,90.0,190.0,980.0,1.0
361342769,0,825.0,1363.0,513.0,1323.0,1.0
361384866,0,37.0,309.0,770.0,902.0,1.0
361492142,0,0.0,169.0,337.0,116.0,1.0
361641822,0,3.0,223.0,235.0,634.0,1.0
36185239,0,22.0,781.0,287.0,3953.0,1.0
362035274,0,2.0,265.0,240.0,433.0,1.0
362091815,0,15.0,484.0,706.0,3034.0,1.0
36214477,0,0.0,284.0,118.0,3833.0,1.0
362449166,0,4.0,416.0,128.0,149.0,1.0
362455550,0,7963.0,2984.0,2197.0,40635.0,1.0
363266227,0,0.0,155.0,415.0,279.0,1.0
364012740,0,0.0,29.0,14.0,106.0,1.0
36443379,0,223.0,825.0,376.0,945.0,1.0
364639647,0,1.0,298.0,402.0,190.0,1.0
364839764,0,0.0,2.0,1.0,120.0,1.0
36485824,0,0.0,341.0,55.0,21798.0,1.0
364875827,0,323.0,1333.0,2000.0,6753.0,1.0
365908758,0,106.0,7499.0,2667.0,10539.0,1.0
365980662,0,291.0,423.0,622.0,1674.0,1.0
366083815,0,23.0,244.0,472.0,796.0,1.0
366296078,0,8.0,257.0,697.0,790.0,1.0
366442399,0,0.0,1.0,0.0,179.0,1.0
366516433,0,64.0,1821.0,885.0,1158.0,1.0
366732320,0,0.0,101.0,64.0,388.0,1.0
366740430,0,369.0,385.0,107.0,911.0,1.0
366826075,0,0.0,11.0,32.0,104.0,1.0
367035427,0,49.0,253.0,100.0,2063.0,1.0
367449486,0,22.0,710.0,1911.0,299.0,1.0
367752760,0,0.0,23.0,2.0,369.0,1.0
368384577,0,48.0,370.0,567.0,441.0,1.0
368573809,0,0.0,93.0,142.0,127.0,1.0
368919139,0,46.0,1333.0,887.0,271.0,1.0
369094394,0,0.0,46.0,92.0,848.0,1.0
369171797,0,0.0,264.0,75.0,226.0,1.0
369325695,0,60.0,107.0,186.0,1034.0,1.0
369725341,0,59.0,12.0,332.0,331.0,1.0
37013089,0,5.0,854.0,1387.0,3392.0,1.0
370564567,0,0.0,5.0,29.0,266.0,1.0
370731411,0,0.0,33.0,19.0,504.0,1.0
370742859,0,23.0,430.0,50.0,408.0,1.0
370811157,0,1.0,250.0,342.0,851.0,1.0
371494504,0,6.0,152.0,156.0,3567.0,1.0
371703751,0,7.0,199.0,60.0,269.0,1.0
37185863,0,116.0,3870.0,3807.0,466.0,1.0
372609210,0,0.0,9015.0,6300.0,2592.0,1.0
373122899,0,45.0,27.0,47.0,161.0,1.0
373459152,0,89.0,433.0,366.0,757.0,1.0
373863514,0,20.0,484.0,1119.0,1144.0,1.0
374868123,0,8.0,13.0,46.0,100.0,1.0
37608288,0,0.0,729.0,1681.0,318.0,1.0
37629768,0,35.0,2580.0,1747.0,2042.0,1.0
376341843,0,12.0,861.0,632.0,1243.0,1.0
376671299,0,0.0,132.0,27.0,458.0,1.0
376953990,0,0.0,55.0,72.0,105.0,1.0
37749110,0,72.0,12015.0,10646.0,5213.0,1.0
377565001,0,15.0,1252.0,681.0,5355.0,1.0
377577675,0,71.0,10212.0,1073.0,5569.0,1.0
377943926,0,31.0,427.0,554.0,678.0,1.0
378004591,0,0.0,19.0,105.0,238.0,1.0
378493046,0,2.0,65.0,105.0,518.0,1.0
379413248,0,0.0,173.0,266.0,182.0,1.0
380431590,0,0.0,97.0,76.0,145.0,1.0
380804427,0,320.0,657.0,1.0,585.0,1.0
380900341,0,137.0,2189.0,2026.0,1472.0,1.0
380968815,0,2.0,119.0,305.0,155.0,1.0
381049930,0,5.0,626.0,202.0,884.0,1.0
38116400,0,50.0,12850.0,305.0,5372.0,1.0
381439794,0,2.0,2559.0,333.0,4618.0,1.0
38189735,0,0.0,170.0,238.0,404.0,1.0
382026391,0,12.0,2721.0,534.0,654.0,1.0
382048862,0,0.0,34038.0,6.0,4169.0,1.0
382048862,0,0.0,34009.0,6.0,4169.0,1.0
382420984,0,3.0,835.0,563.0,559.0,1.0
382422724,0,3672.0,1738.0,308.0,4044.0,1.0
382509407,0,0.0,39.0,9.0,17233.0,1.0
382787145,0,834.0,501.0,842.0,2811.0,1.0
38381961,0,0.0,526.0,415.0,455.0,1.0
384245159,0,0.0,541.0,20.0,2155.0,1.0
384565725,0,13.0,162.0,99.0,600.0,1.0
384888590,0,84.0,307.0,459.0,356.0,1.0
385036364,0,1.0,122.0,97.0,642.0,1.0
385055168,0,0.0,651.0,1299.0,753.0,1.0
385143499,0,8.0,219.0,340.0,124.0,1.0
385596799,0,1.0,71.0,92.0,134.0,1.0
386044266,0,751.0,416.0,179.0,831.0,1.0
386231679,0,0.0,63.0,100.0,102.0,1.0
386391803,0,404.0,485.0,496.0,20749.0,1.0
386670686,0,180.0,735.0,873.0,697.0,1.0
38684764,0,1.0,63.0,51.0,108.0,1.0
386993911,0,1.0,1004.0,584.0,463.0,1.0
38831217,0,1.0,3993.0,353.0,27356.0,1.0
38889446,0,2.0,3087.0,2905.0,2592.0,1.0
38985405,0,26.0,738.0,577.0,839.0,1.0
38985405,0,27.0,738.0,579.0,839.0,1.0
390007082,0,25.0,460.0,387.0,357.0,1.0
391286052,0,527.0,1548.0,1912.0,3242.0,1.0
39176934,0,43.0,236.0,330.0,5011.0,1.0
391793952,0,0.0,67.0,85.0,598.0,1.0
39220654,0,36.0,5159.0,91.0,4115.0,1.0
392483801,0,358.0,555.0,538.0,3347.0,1.0
39253242,0,13.0,2277.0,1730.0,1596.0,1.0
392664690,0,0.0,114.0,165.0,1784.0,1.0
392784615,0,1.0,36.0,247.0,147.0,1.0
39289217,0,1.0,368.0,35.0,754.0,1.0
393084098,0,2.0,138.0,392.0,204.0,1.0
39356982,0,0.0,1890.0,88.0,112.0,1.0
393858952,0,1.0,64.0,82.0,112.0,1.0
393948958,0,238.0,1418.0,469.0,802.0,1.0
39403319,0,9.0,22.0,52.0,103.0,1.0
394888037,0,2.0,287.0,438.0,460.0,1.0
394923497,0,0.0,20.0,7.0,526.0,1.0
394955938,0,3.0,1460.0,30.0,2639.0,1.0
395074414,0,9.0,339.0,504.0,1650.0,1.0
395114842,0,62.0,351.0,20.0,433.0,1.0
395499836,0,0.0,316.0,84.0,1058.0,1.0
395694376,0,20.0,200.0,46.0,2579.0,1.0
39585629,0,0.0,95.0,1655.0,123.0,1.0
396198817,0,0.0,47.0,12.0,521.0,1.0
396887064,0,0.0,131.0,1054.0,764.0,1.0
39702481,0,0.0,475.0,0.0,1479.0,1.0
39802600,0,410.0,257.0,322.0,580.0,1.0
398304149,0,14.0,529.0,56.0,271.0,1.0
398554405,0,0.0,73.0,214.0,166.0,1.0
398629077,0,95.0,2180.0,2081.0,1919.0,1.0
398751773,0,2.0,40.0,78.0,111.0,1.0
398947555,0,0.0,124.0,16.0,208.0,1.0
399038225,0,21.0,200.0,175.0,292.0,1.0
39907194,0,17.0,458.0,12.0,1058.0,1.0
399125914,0,50.0,542.0,845.0,3219.0,1.0
399416347,0,16.0,2652.0,1678.0,1330.0,1.0
399449907,0,29.0,831.0,320.0,1385.0,1.0
399471101,0,3.0,1203.0,51.0,1088.0,1.0
39980467,0,0.0,153.0,150.0,273.0,1.0
400046129,0,11.0,595.0,1373.0,1761.0,1.0
400263182,0,0.0,192.0,757.0,218.0,1.0
400334526,0,0.0,66.0,50.0,296.0,1.0
40073048,0,277.0,408.0,724.0,1927.0,1.0
402055177,0,12.0,94.0,64.0,212.0,1.0
402684303,0,22.0,1445.0,575.0,10699.0,1.0
402687083,0,3.0,218.0,387.0,1494.0,1.0
40275956,0,0.0,226.0,581.0,210.0,1.0
402808504,0,20.0,1361.0,947.0,1172.0,1.0
402914815,0,671.0,995.0,58.0,1046.0,1.0
403637960,0,662.0,220.0,392.0,1849.0,1.0
403807816,0,284.0,1396.0,947.0,1913.0,1.0
404064011,0,1.0,635.0,1895.0,1361.0,1.0
40453512,0,1173.0,181344.0,1615.0,8791.0,1.0
404784878,0,0.0,243.0,307.0,297.0,1.0
405016855,0,21.0,235.0,277.0,805.0,1.0
405042507,0,7.0,39.0,70.0,165.0,1.0
40727861,0,0.0,1047.0,1017.0,31711.0,1.0
407302236,0,5.0,270.0,432.0,358.0,1.0
407418638,0,1.0,17.0,63.0,597.0,1.0
407625984,0,3.0,1444.0,12.0,1301.0,1.0
407657239,0,0.0,499.0,1.0,6421.0,1.0
40772046,0,2.0,469.0,205.0,1197.0,1.0
407808782,0,0.0,64.0,15.0,148.0,1.0
408023810,0,74.0,916.0,2000.0,7552.0,1.0
408056321,0,1.0,119.0,31.0,412.0,1.0
408355612,0,14.0,810.0,1009.0,558.0,1.0
409266136,0,1939.0,1541.0,801.0,11061.0,1.0
409461246,0,0.0,20.0,6.0,109.0,1.0
409481997,0,1.0,135.0,131.0,192.0,1.0
409981039,0,0.0,196.0,116.0,344.0,1.0
410294134,0,4.0,704.0,1902.0,604.0,1.0
410838810,0,31.0,2775.0,1939.0,4288.0,1.0
41089930,0,1236.0,10551.0,1799.0,3263.0,1.0
410914945,0,0.0,399.0,1574.0,572.0,1.0
41099626,0,0.0,18.0,0.0,740.0,1.0
411009529,0,502.0,464.0,169.0,1420.0,1.0
41145716,0,0.0,120.0,131.0,103.0,1.0
41206860,0,9.0,1334.0,1764.0,1927.0,1.0
412185932,0,5.0,97.0,299.0,538.0,1.0
412386781,0,16.0,1022.0,1967.0,3657.0,1.0
412618114,0,0.0,16.0,36.0,104.0,1.0
413128240,0,48.0,111.0,420.0,187.0,1.0
413248211,0,86.0,403.0,415.0,604.0,1.0
413387978,0,1.0,48.0,117.0,132.0,1.0
41390988,0,6.0,839.0,521.0,2053.0,1.0
41404738,0,4.0,51306.0,57487.0,20323.0,1.0
414083861,0,8.0,171.0,139.0,251.0,1.0
414138003,0,2.0,1297.0,1130.0,1594.0,1.0
414220810,0,1.0,3.0,4.0,753.0,1.0
41573844,0,92.0,729.0,132.0,765.0,1.0
416587414,0,8.0,487.0,950.0,415.0,1.0
416640849,0,75.0,749.0,1930.0,345.0,1.0
417174747,0,72.0,1316.0,1918.0,400.0,1.0
417320898,0,180.0,1265.0,1997.0,802.0,1.0
417355340,0,10.0,871.0,545.0,1167.0,1.0
417563678,0,1.0,508.0,1755.0,158.0,1.0
417776427,0,3.0,1148.0,1340.0,537.0,1.0
418062723,0,536.0,38.0,95.0,4599.0,1.0
418866939,0,0.0,99.0,51.0,670.0,1.0
419551965,0,0.0,82.0,49.0,193.0,1.0
419593741,0,28.0,66167.0,54.0,1984.0,1.0
420009296,0,0.0,74.0,17.0,162.0,1.0
420886415,0,46.0,817.0,68.0,3150.0,1.0
422579551,0,0.0,71.0,13.0,106.0,1.0
422807631,0,2.0,50.0,43.0,189.0,1.0
42397806,0,23.0,2079.0,1181.0,1689.0,1.0
424957788,0,32.0,226.0,329.0,675.0,1.0
425020709,0,52.0,45.0,62.0,187.0,1.0
425154116,0,4.0,135.0,186.0,586.0,1.0
426010030,0,1.0,90.0,77.0,226.0,1.0
426535234,0,36.0,1135.0,1998.0,1405.0,1.0
426695121,0,9.0,190.0,251.0,380.0,1.0
42694400,0,49.0,1387.0,239.0,1817.0,1.0
42695906,0,21.0,4789.0,101.0,307.0,1.0
42704025,0,286.0,3712.0,1591.0,5738.0,1.0
427310868,0,989.0,1159.0,857.0,5247.0,1.0
427908959,0,1.0,11.0,29.0,118.0,1.0
428170258,0,0.0,27.0,78.0,294.0,1.0
42901308,0,0.0,169.0,0.0,16833.0,1.0
429307367,0,1.0,519.0,1841.0,465.0,1.0
429347323,0,3.0,3.0,55.0,518.0,1.0
42964153,0,0.0,41.0,37.0,182.0,1.0
43013768,0,2.0,674.0,799.0,483.0,1.0
431046814,0,0.0,884.0,213.0,692.0,1.0
431357570,0,137.0,83.0,291.0,381.0,1.0
431840945,0,1880.0,2774.0,153.0,3705.0,1.0
432287019,0,0.0,3.0,2.0,310.0,1.0
432709145,0,6.0,548.0,1066.0,1799.0,1.0
433535102,0,2.0,114.0,2.0,1428.0,1.0
434775233,0,0.0,59.0,120.0,534.0,1.0
434869807,0,141.0,402.0,1392.0,1094.0,1.0
435009374,0,335.0,5998.0,1605.0,3220.0,1.0
435166985,0,8.0,49.0,146.0,429.0,1.0
435399139,0,5.0,162.0,270.0,395.0,1.0
435965968,0,0.0,295.0,1117.0,371.0,1.0
436062084,0,3.0,183.0,1080.0,270.0,1.0
436978693,0,0.0,305.0,242.0,2963.0,1.0
437244418,0,0.0,22.0,78.0,246.0,1.0
437601224,0,0.0,11.0,11.0,256.0,1.0
437788864,0,1.0,283.0,51.0,114.0,1.0
438371420,0,0.0,35.0,43.0,161.0,1.0
438666841,0,0.0,344.0,209.0,254.0,1.0
438731804,0,2.0,237.0,153.0,151.0,1.0
439163201,0,0.0,326.0,621.0,12641.0,1.0
439329163,0,0.0,18.0,0.0,1493.0,1.0
43949005,0,31.0,234.0,529.0,903.0,1.0
43955401,0,324.0,2362.0,339.0,2443.0,1.0
43967608,0,362.0,2153.0,2359.0,1793.0,1.0
440140284,0,0.0,3.0,0.0,125.0,1.0
440429151,0,6.0,95.0,217.0,361.0,1.0
440789362,0,1.0,35.0,108.0,132.0,1.0
441054524,0,3.0,626.0,331.0,3996.0,1.0
441191722,0,52.0,617.0,1759.0,376.0,1.0
44148580,0,0.0,23.0,1.0,1058.0,1.0
44174744,0,175.0,6466.0,738.0,3557.0,1.0
442487527,0,7.0,289.0,415.0,985.0,1.0
442882816,0,30.0,815.0,1659.0,1534.0,1.0
44437537,0,3.0,929.0,1014.0,290.0,1.0
446078742,0,70.0,516.0,507.0,929.0,1.0
447217618,0,10.0,10594.0,7.0,13200.0,1.0
448374775,0,3.0,234.0,700.0,1532.0,1.0
44864342,0,4.0,1127.0,2000.0,765.0,1.0
449088065,0,160.0,867.0,268.0,510.0,1.0
44930419,0,1.0,269.0,520.0,355.0,1.0
449614746,0,2.0,139.0,375.0,111.0,1.0
449742759,0,2.0,547.0,1609.0,201.0,1.0
44977075,0,126.0,3398.0,318.0,2851.0,1.0
449820434,0,0.0,1544.0,2.0,149.0,1.0
449862820,0,17.0,200.0,304.0,396.0,1.0
449895774,0,1.0,6.0,3.0,166.0,1.0
44992399,0,1229.0,16255.0,3427.0,7657.0,1.0
450171527,0,0.0,21.0,93.0,127.0,1.0
450374308,0,0.0,6.0,42.0,131.0,1.0
450427280,0,15.0,177.0,163.0,439.0,1.0
452132719,0,30.0,53.0,44.0,1205.0,1.0
452892003,0,53.0,69.0,101.0,142.0,1.0
453083107,0,0.0,849.0,1854.0,9726.0,1.0
453734281,0,31.0,1359.0,9.0,215.0,1.0
45400026,0,0.0,1286.0,1584.0,307.0,1.0
454077926,0,597.0,1173.0,96.0,3797.0,1.0
454145473,0,22.0,7539.0,2321.0,1933.0,1.0
454436171,0,5.0,748.0,1665.0,1201.0,1.0
45517312,0,0.0,428.0,690.0,1651.0,1.0
455449410,0,0.0,4.0,0.0,267.0,1.0
455628626,0,3.0,110.0,38.0,175.0,1.0
45576004,0,12.0,506.0,810.0,698.0,1.0
455899723,0,1.0,57.0,5.0,738.0,1.0
45590323,0,9.0,361.0,888.0,639.0,1.0
456059489,0,1.0,472.0,288.0,534.0,1.0
456384444,0,0.0,20.0,61.0,4078.0,1.0
456677696,0,387.0,1366.0,448.0,1257.0,1.0
456677696,0,391.0,1383.0,451.0,1303.0,1.0
456847708,0,0.0,33.0,148.0,204.0,1.0
457406413,0,0.0,2.0,0.0,102.0,1.0
457934352,0,1.0,71.0,47.0,113.0,1.0
457939537,0,0.0,152.0,107.0,146.0,1.0
458179787,0,30.0,978.0,128.0,9485.0,1.0
45840618,0,1.0,620.0,32.0,1251.0,1.0
458483382,0,42.0,136.0,47.0,452.0,1.0
45881169,0,113.0,853.0,437.0,1936.0,1.0
458833007,0,0.0,147.0,78.0,112.0,1.0
458960855,0,79.0,243.0,105.0,529.0,1.0
459046088,0,1.0,796.0,12.0,1747.0,1.0
459340746,0,4.0,104.0,64.0,230.0,1.0
459846845,0,37.0,964.0,1951.0,663.0,1.0
460179411,0,29.0,4049.0,463.0,794.0,1.0
460308001,0,6.0,75.0,88.0,274.0,1.0
460863431,0,0.0,129.0,480.0,117.0,1.0
461203299,0,3.0,424.0,138.0,489.0,1.0
461795929,0,0.0,406.0,346.0,247.0,1.0
461868766,0,8.0,162.0,23.0,625.0,1.0
462002018,0,45.0,435.0,519.0,629.0,1.0
462956331,0,0.0,21.0,14.0,249.0,1.0
463019397,0,0.0,141.0,1444.0,101.0,1.0
463107233,0,1.0,313.0,25.0,1112.0,1.0
463168090,0,0.0,5849.0,5310.0,179272.0,1.0
46477233,0,0.0,43.0,31.0,113.0,1.0
464982574,0,0.0,4.0,7.0,339.0,1.0
46543191,0,90.0,383.0,387.0,733.0,1.0
465868673,0,61.0,107.0,150.0,446.0,1.0
46620942,0,7.0,934.0,519.0,1024.0,1.0
466446069,0,437.0,315.0,264.0,3293.0,1.0
466763498,0,590.0,532.0,1039.0,734.0,1.0
46703288,0,4.0,323.0,511.0,1380.0,1.0
467501843,0,103.0,792.0,91.0,3391.0,1.0
467578835,0,0.0,1467.0,327.0,301.0,1.0
467589630,0,8.0,1031.0,249.0,1330.0,1.0
468002974,0,1140.0,1432.0,746.0,5651.0,1.0
468438894,0,0.0,562.0,55.0,1309.0,1.0
468689320,0,1.0,517.0,713.0,1623.0,1.0
468689489,0,111.0,974.0,770.0,3989.0,1.0
46924972,0,4.0,465.0,659.0,2269.0,1.0
47026086,0,0.0,1129.0,1120.0,3976.0,1.0
470749977,0,1.0,483.0,1189.0,671.0,1.0
470861780,0,427.0,93.0,86.0,995.0,1.0
471288658,0,6.0,388.0,23.0,123.0,1.0
471293670,0,221.0,1546.0,1816.0,2093.0,1.0
471603517,0,0.0,277.0,175.0,3148.0,1.0
472105410,0,87.0,743.0,810.0,5636.0,1.0
472566953,0,0.0,272.0,293.0,876.0,1.0
473113731,0,0.0,30.0,4.0,271.0,1.0
474011159,0,1524.0,545.0,397.0,2107.0,1.0
474033416,0,0.0,230.0,10.0,107.0,1.0
474056565,0,1.0,89.0,153.0,225.0,1.0
474644074,0,0.0,73.0,56.0,327.0,1.0
474798694,0,0.0,222.0,1.0,481.0,1.0
475660935,0,44.0,1188.0,1469.0,267.0,1.0
47577467,0,562.0,2844.0,1794.0,3481.0,1.0
476009762,0,34.0,197.0,187.0,506.0,1.0
476243763,0,24.0,474.0,407.0,224.0,1.0
47681469,0,0.0,450.0,1506.0,212.0,1.0
476818878,0,10.0,95.0,370.0,123.0,1.0
477516522,0,0.0,834.0,1208.0,124.0,1.0
47840219,0,559.0,999.0,1339.0,3674.0,1.0
478597619,0,968.0,9637.0,2287.0,4856.0,1.0
478633953,0,49.0,993.0,208.0,796.0,1.0
479510583,0,1.0,7680.0,0.0,1308.0,1.0
479838720,0,0.0,72.0,41.0,100.0,1.0
480084074,0,12.0,371.0,1622.0,399.0,1.0
480367845,0,0.0,69.0,122.0,146.0,1.0
481227923,0,4.0,223.0,831.0,3058.0,1.0
482301353,0,0.0,232.0,279.0,248.0,1.0
483503313,0,7.0,69.0,124.0,160.0,1.0
483742184,0,0.0,24.0,21.0,225.0,1.0
48387953,0,10.0,723.0,614.0,951.0,1.0
48395517,0,0.0,20.0,45.0,300.0,1.0
484915653,0,0.0,4.0,18.0,192.0,1.0
485036177,0,174.0,40926.0,50.0,3135.0,1.0
48523479,0,0.0,489.0,566.0,521.0,1.0
485324607,0,0.0,35.0,27.0,832.0,1.0
485847164,0,32.0,470.0,407.0,708.0,1.0
486231647,0,129.0,826.0,677.0,4528.0,1.0
486238488,0,4.0,129.0,74.0,262.0,1.0
486926757,0,29.0,961.0,171.0,727.0,1.0
48765154,0,586.0,1143.0,147.0,1290.0,1.0
487698863,0,221.0,542.0,847.0,1131.0,1.0
48787442,0,1.0,1196.0,613.0,394.0,1.0
48825653,0,0.0,69.0,71.0,148.0,1.0
48890994,0,0.0,2147.0,789.0,1786.0,1.0
489805912,0,1.0,49.0,48.0,154.0,1.0
489859731,0,4.0,239.0,437.0,1580.0,1.0
489936908,0,0.0,11.0,11.0,268.0,1.0
490498911,0,753.0,340.0,377.0,2445.0,1.0
491421970,0,0.0,93.0,143.0,110.0,1.0
491540960,0,0.0,1398.0,1984.0,296444.0,1.0
491541312,0,0.0,40.0,123.0,116.0,1.0
491627183,0,0.0,163.0,397.0,533.0,1.0
49284866,0,15.0,39.0,96.0,158.0,1.0
493339375,0,0.0,235.0,391.0,432.0,1.0
493786542,0,4.0,1774.0,2165.0,210.0,1.0
493875468,0,0.0,396.0,109.0,167.0,1.0
494958887,0,59.0,1387.0,1176.0,15554.0,1.0
495072784,0,0.0,75.0,799.0,443.0,1.0
495136661,0,2.0,226.0,212.0,957.0,1.0
497319348,0,0.0,387.0,1950.0,110.0,1.0
498129660,0,80.0,295.0,66.0,1024.0,1.0
49848522,0,0.0,181.0,222.0,1429.0,1.0
498817833,0,35.0,664.0,428.0,1303.0,1.0
499102123,0,36.0,1193.0,1984.0,7652.0,1.0
49925005,0,1.0,657.0,311.0,828.0,1.0
499297293,0,0.0,18.0,26.0,1069.0,1.0
499824371,0,0.0,37.0,18.0,137.0,1.0
500084396,0,20.0,27.0,48.0,357.0,1.0
500765442,0,0.0,7.0,11.0,145.0,1.0
500963819,0,3.0,53.0,21.0,190.0,1.0
50103649,0,420.0,20521.0,1379.0,6910.0,1.0
501535667,0,0.0,75.0,1791.0,1545.0,1.0
501555209,0,718.0,1233.0,1202.0,4583.0,1.0
501879755,0,2.0,186.0,238.0,1581.0,1.0
502438582,0,0.0,1.0,1.0,264.0,1.0
502925047,0,4.0,24.0,146.0,219.0,1.0
50338916,0,48.0,1172.0,949.0,869.0,1.0
50352143,0,23.0,264.0,278.0,446.0,1.0
50374302,0,93.0,1296.0,1550.0,1649.0,1.0
504023831,0,56.0,25.0,15.0,188.0,1.0
50531090,0,0.0,101.0,91.0,313.0,1.0
50692848,0,1.0,50.0,39.0,310.0,1.0
507377300,0,8.0,396.0,158.0,246.0,1.0
507582158,0,0.0,688.0,13.0,68866.0,1.0
507607074,0,9.0,64.0,102.0,237.0,1.0
507674450,0,0.0,47.0,87.0,2208.0,1.0
507768692,0,0.0,11.0,5.0,192.0,1.0
507812791,0,0.0,368.0,72.0,110.0,1.0
508558395,0,7.0,51.0,15.0,254.0,1.0
509401721,0,15.0,96.0,49.0,376.0,1.0
50959512,0,7.0,472.0,154.0,404.0,1.0
509926338,0,8.0,120.0,163.0,278.0,1.0
510312022,0,46.0,208.0,83.0,168.0,1.0
511293959,0,3.0,262.0,192.0,245.0,1.0
512081119,0,121.0,455.0,900.0,1310.0,1.0
512213627,0,0.0,102.0,60.0,238.0,1.0
512453864,0,0.0,83.0,560.0,362.0,1.0
51302417,0,1.0,71.0,249.0,213.0,1.0
513935126,0,1436.0,84039.0,81955.0,64195.0,1.0
514662742,0,1.0,22.0,32.0,245.0,1.0
515497114,0,28.0,74.0,228.0,208.0,1.0
515835495,0,125.0,659.0,1000.0,2592.0,1.0
516547529,0,6.0,418.0,1411.0,1133.0,1.0
51662299,0,0.0,402.0,1018.0,1598.0,1.0
516745677,0,2.0,518.0,97.0,149.0,1.0
516770483,0,348.0,797.0,433.0,624.0,1.0
517078205,0,0.0,0.0,0.0,203.0,1.0
517556170,0,13.0,11.0,44.0,104.0,1.0
517670760,0,0.0,146.0,609.0,113.0,1.0
517774727,0,8.0,351.0,276.0,686.0,1.0
517850193,0,1.0,64.0,63.0,1568.0,1.0
517885816,0,48.0,147.0,434.0,1340.0,1.0
518752895,0,78.0,692.0,1970.0,473.0,1.0
519217580,0,0.0,12.0,17.0,439.0,1.0
519345115,0,1.0,348.0,301.0,268.0,1.0
519609987,0,565.0,533.0,157.0,739.0,1.0
519654987,0,0.0,343.0,203.0,656.0,1.0
519756198,0,1.0,31.0,38.0,942.0,1.0
52061355,0,1626.0,4121.0,1370.0,6114.0,1.0
52080316,0,0.0,555.0,848.0,107.0,1.0
52104687,0,0.0,848.0,115.0,349.0,1.0
522015243,0,0.0,17.0,5.0,184.0,1.0
52208688,0,306.0,397.0,288.0,1079.0,1.0
522646569,0,260.0,870.0,893.0,1508.0,1.0
523411053,0,0.0,292.0,338.0,1847.0,1.0
523426321,0,404.0,158.0,261.0,1210.0,1.0
523722327,0,9.0,31.0,0.0,159.0,1.0
52490767,0,9.0,482.0,513.0,712.0,1.0
52521864,0,4.0,204.0,277.0,779.0,1.0
52527352,0,1.0,357.0,251.0,426.0,1.0
52569895,0,0.0,177.0,50.0,634.0,1.0
526276335,0,18.0,282.0,10.0,710.0,1.0
526566029,0,374.0,4896.0,4073.0,3337.0,1.0
52727663,0,96.0,1145.0,805.0,2232.0,1.0
527456422,0,195.0,1061.0,929.0,2226.0,1.0
529004715,0,8.0,201.0,519.0,498.0,1.0
52907061,0,0.0,36.0,89.0,116.0,1.0
529087730,0,0.0,14.0,81.0,151.0,1.0
53009872,0,133.0,4220.0,1849.0,7801.0,1.0
53027907,0,237.0,12057.0,377.0,4240.0,1.0
53056961,0,0.0,62.0,43.0,311.0,1.0
53088526,0,59.0,1214.0,1639.0,1813.0,1.0
531151209,0,0.0,502.0,638.0,2468.0,1.0
531319029,0,4381.0,5240.0,1358.0,7404.0,1.0
53197137,0,2488.0,328853.0,1299.0,34642.0,1.0
532184698,0,1.0,711.0,1839.0,5423.0,1.0
532574923,0,67.0,347.0,1817.0,138.0,1.0
532662712,0,6.0,94.0,239.0,3720.0,1.0
533612329,0,0.0,208.0,28.0,223.0,1.0
533754295,0,0.0,4.0,25.0,104.0,1.0
534121273,0,1410.0,4294.0,2259.0,10789.0,1.0
534130646,0,3.0,660.0,917.0,1398.0,1.0
534206375,0,0.0,600.0,82.0,511.0,1.0
53429629,0,0.0,406.0,519.0,441.0,1.0
534757492,0,4.0,97.0,326.0,728.0,1.0
535407595,0,1.0,2260.0,159.0,694.0,1.0
536217696,0,44.0,334.0,184.0,1849.0,1.0
536355663,0,1.0,720.0,1848.0,170.0,1.0
537048269,0,0.0,113.0,269.0,249.0,1.0
537163038,0,0.0,313.0,30.0,574.0,1.0
537349820,0,2.0,160.0,189.0,607.0,1.0
538198290,0,0.0,946.0,1008.0,2334.0,1.0
538199796,0,5.0,382.0,1593.0,609.0,1.0
538393573,0,33.0,272.0,153.0,855.0,1.0
538576861,0,79.0,308.0,344.0,1650.0,1.0
538681802,0,95.0,629.0,327.0,2243.0,1.0
539310040,0,0.0,115.0,54.0,230.0,1.0
540087542,0,0.0,191.0,325.0,438.0,1.0
541026252,0,1.0,107.0,82.0,259.0,1.0
541749101,0,0.0,39.0,54.0,136.0,1.0
543098682,0,0.0,49.0,177.0,341.0,1.0
54319307,0,0.0,12.0,0.0,128.0,1.0
543227804,0,134.0,644.0,332.0,2695.0,1.0
54324357,0,0.0,1207.0,1762.0,2344.0,1.0
54337748,0,1880.0,290.0,374.0,437.0,1.0
543617623,0,146.0,53.0,209.0,335.0,1.0
54464456,0,0.0,27.0,0.0,222.0,1.0
545343465,0,327.0,2157.0,620.0,2135.0,1.0
545500471,0,439.0,959.0,841.0,2193.0,1.0
545875274,0,0.0,0.0,0.0,317.0,1.0
546005368,0,1.0,72.0,67.0,925.0,1.0
54605389,0,0.0,251.0,1337.0,113.0,1.0
546059639,0,9.0,1660.0,980.0,4282.0,1.0
546060846,0,49.0,1593.0,606.0,1655.0,1.0
54652212,0,0.0,826.0,1894.0,477.0,1.0
54660456,0,3887.0,15046.0,20.0,5189.0,1.0
547145473,0,12.0,1382.0,294.0,7707.0,1.0
547161385,0,229.0,689.0,1749.0,429.0,1.0
548449167,0,0.0,146.0,13.0,7820.0,1.0
548959110,0,10.0,13.0,81.0,380.0,1.0
54930190,0,2.0,7180.0,113.0,514.0,1.0
550193782,0,8.0,31.0,51.0,117.0,1.0
550909119,0,0.0,5.0,19.0,1156.0,1.0
551383078,0,0.0,28.0,16.0,326.0,1.0
551805248,0,0.0,7787.0,518.0,293.0,1.0
552052267,0,2.0,165.0,177.0,1634.0,1.0
55276901,0,2562.0,5821.0,606.0,7903.0,1.0
55284986,0,0.0,566.0,13.0,214.0,1.0
554061110,0,1.0,76.0,51.0,1159.0,1.0
554951589,0,8.0,146.0,115.0,509.0,1.0
555215701,0,0.0,571.0,370.0,448.0,1.0
555235570,0,6.0,1141.0,714.0,297.0,1.0
555392763,0,26.0,19472.0,1635.0,3731.0,1.0
555766808,0,14.0,858.0,1256.0,1163.0,1.0
556025904,0,0.0,200.0,343.0,249.0,1.0
557327289,0,1.0,21.0,48.0,110.0,1.0
557385122,0,1.0,120.0,176.0,247.0,1.0
557850126,0,2.0,368.0,1245.0,591.0,1.0
558189495,0,39.0,145.0,255.0,692.0,1.0
558457425,0,0.0,4459.0,376.0,684.0,1.0
558709228,0,1.0,158.0,573.0,400.0,1.0
55871520,0,139.0,278.0,107.0,2162.0,1.0
559321471,0,4.0,329.0,212.0,231.0,1.0
559425470,0,0.0,4.0,4.0,1908.0,1.0
559657019,0,0.0,16.0,63.0,113.0,1.0
56039042,0,3.0,147.0,59.0,1010.0,1.0
56355985,0,0.0,533.0,992.0,197.0,1.0
56399047,0,0.0,81.0,89.0,4652.0,1.0
56446024,0,0.0,163.0,11.0,437.0,1.0
56479970,0,4.0,8668.0,688.0,4622.0,1.0
56505103,0,0.0,41.0,55.0,156.0,1.0
56572576,0,1.0,308.0,25.0,522.0,1.0
57034872,0,258.0,2892.0,574.0,3272.0,1.0
57107124,0,34.0,221947.0,121.0,1798.0,1.0
57203674,0,0.0,1865.0,2006.0,143.0,1.0
57337917,0,0.0,649.0,454.0,695.0,1.0
57623224,0,29.0,244.0,623.0,3716.0,1.0
57759970,0,79.0,69.0,46.0,263.0,1.0
58130817,0,0.0,17.0,24.0,1187.0,1.0
58203058,0,0.0,604.0,496.0,165.0,1.0
58832342,0,0.0,170.0,119.0,345.0,1.0
59262632,0,1.0,710.0,794.0,4021.0,1.0
59728070,0,0.0,9.0,240.0,1702.0,1.0
59898139,0,346.0,1597.0,66.0,434.0,1.0
60263797,0,0.0,76.0,58.0,1040.0,1.0
60808843,0,520.0,5674.0,2499.0,2958.0,1.0
60934097,0,2.0,47.0,50.0,212.0,1.0
61114214,0,11.0,1208.0,1072.0,5179.0,1.0
61181934,0,664.0,6081.0,724.0,16469.0,1.0
61326119,0,0.0,139.0,65.0,191.0,1.0
61678041,0,5.0,519.0,329.0,271.0,1.0
61800363,0,0.0,165.0,30.0,539.0,1.0
62164526,0,1.0,546.0,647.0,156.0,1.0
6217192,0,0.0,776.0,336.0,334.0,1.0
62795342,0,0.0,335.0,12.0,743.0,1.0
62861160,0,1096.0,43994.0,10359.0,3023.0,1.0
62934444,0,2.0,490.0,103.0,128.0,1.0
62935102,0,4.0,3824.0,781.0,1509.0,1.0
63210900,0,5.0,753.0,520.0,1568.0,1.0
63266699,0,50.0,833.0,619.0,2093.0,1.0
63452117,0,40.0,557.0,734.0,1912.0,1.0
64124524,0,0.0,7930.0,1713.0,73163.0,1.0
64560288,0,7.0,251.0,487.0,760.0,1.0
64814274,0,2.0,371.0,151.0,293.0,1.0
65774919,0,593.0,2146.0,126.0,7735.0,1.0
66473457,0,1.0,755.0,1941.0,175.0,1.0
66592896,0,957.0,4119.0,792.0,3174.0,1.0
66736063,0,0.0,24238.0,980.0,5063.0,1.0
67570149,0,0.0,27.0,20.0,1951.0,1.0
68413862,0,72.0,521.0,882.0,1423.0,1.0
68504908,0,0.0,326.0,312.0,295.0,1.0
69021338,0,0.0,94.0,53.0,197.0,1.0
69186606,0,31.0,12837.0,22.0,1152.0,1.0
6959082,0,3.0,439135.0,621.0,123054.0,1.0
69915999,0,54.0,1503.0,962.0,1401.0,1.0
70590360,0,1024.0,3374.0,724.0,6685.0,1.0
70664442,0,2.0,23.0,51.0,113.0,1.0
70744098,0,208.0,565.0,357.0,709.0,1.0
70761066,0,1.0,382.0,105.0,775.0,1.0
70808232,0,9.0,634.0,1225.0,2964.0,1.0
70878776,0,492.0,33563.0,403.0,6380.0,1.0
71128890,0,3858.0,14184.0,12258.0,125625.0,1.0
71135222,0,65.0,461.0,180.0,316.0,1.0
71266306,0,0.0,265.0,161.0,1551.0,1.0
71271982,0,2.0,726.0,42.0,330.0,1.0
71565804,0,24.0,229.0,150.0,603.0,1.0
71573736,0,480.0,16287.0,435.0,1611.0,1.0
71961466,0,3.0,101.0,225.0,122.0,1.0
72053671,0,0.0,314.0,199.0,234.0,1.0
72332478,0,92.0,14662.0,15917.0,12990.0,1.0
72509642,0,1.0,531.0,4.0,124.0,1.0
72631128,0,0.0,503.0,1.0,939.0,1.0
72748144,0,1.0,54.0,123.0,173.0,1.0
72844230,0,0.0,735.0,1951.0,319.0,1.0
72913589,0,7.0,229.0,84.0,434.0,1.0
72972603,0,150.0,66.0,12.0,977.0,1.0
73099904,0,0.0,868.0,12.0,212.0,1.0
73104131,0,16.0,48.0,138.0,204.0,1.0
73242364,0,9.0,861.0,1071.0,1596.0,1.0
73373538,0,0.0,723.0,996.0,121.0,1.0
73408563,0,4.0,29.0,78.0,297.0,1.0
73972216,0,0.0,210.0,906.0,109.0,1.0
74152920,0,0.0,61.0,1.0,278.0,1.0
74225043,0,1203.0,1487.0,727.0,5159.0,1.0
74767530,0,0.0,91.0,0.0,229.0,1.0
74926750,0,1.0,61.0,31.0,119.0,1.0
74974793,0,0.0,3319.0,76.0,665.0,1.0
75038762,0,36.0,4221.0,587.0,7136.0,1.0
75055107,0,0.0,351.0,129.0,516.0,1.0
75064894,0,1.0,879.0,761.0,4045.0,1.0
75644641,0,0.0,258.0,22.0,112.0,1.0
75831451,0,0.0,25.0,27.0,181.0,1.0
76308131,0,19.0,107.0,282.0,590.0,1.0
76656765,0,1330.0,963.0,1083.0,2833.0,1.0
76707735,0,0.0,16393.0,2.0,1842.0,1.0
76797480,0,0.0,1508.0,1621.0,500.0,1.0
76846501,0,1.0,252.0,494.0,553.0,1.0
76901027,0,0.0,68.0,267.0,119.0,1.0
77004306,0,0.0,217.0,37.0,394.0,1.0
77117283,0,27.0,98.0,103.0,390.0,1.0
77232176,0,925.0,6672.0,4591.0,4529.0,1.0
77457510,0,541.0,2183.0,2355.0,3002.0,1.0
77457535,0,0.0,8.0,1.0,151.0,1.0
77820606,0,110.0,244.0,134.0,1563.0,1.0
78213212,0,0.0,44.0,43.0,490.0,1.0
78274116,0,20.0,1669.0,275.0,2228.0,1.0
78330966,0,0.0,633.0,1855.0,1747.0,1.0
78527345,0,1.0,84.0,80.0,116.0,1.0
78693255,0,19.0,320.0,162.0,587.0,1.0
78897911,0,72.0,947.0,726.0,1216.0,1.0
79082572,0,0.0,5731.0,5650.0,349.0,1.0
79097588,0,0.0,1767.0,2.0,34510.0,1.0
79278803,0,30.0,247.0,254.0,727.0,1.0
79318411,0,861.0,7517.0,2391.0,5363.0,1.0
79469881,0,22.0,16084.0,17694.0,3460.0,1.0
79682680,0,10.0,93.0,167.0,338.0,1.0
79712702,0,1.0,281.0,4.0,308.0,1.0
80014319,0,172.0,468.0,74.0,5361.0,1.0
80095867,0,0.0,521.0,1845.0,127.0,1.0
80636310,0,2.0,98.0,152.0,129.0,1.0
80642932,0,0.0,237.0,208.0,300.0,1.0
80855762,0,119.0,2972.0,1961.0,3597.0,1.0
80878968,0,3.0,359.0,693.0,1151.0,1.0
81253596,0,0.0,3.0,0.0,429.0,1.0
81272260,0,0.0,129.0,61.0,20652.0,1.0
81421010,0,0.0,100.0,223.0,570.0,1.0
8147432,0,12.0,1122.0,945.0,6837.0,1.0
81515644,0,0.0,593.0,1.0,17704.0,1.0
81880048,0,0.0,21.0,40.0,455.0,1.0
82025087,0,0.0,3016.0,2193.0,139.0,1.0
82115332,0,444.0,1063.0,236.0,2412.0,1.0
82337380,0,0.0,244.0,174.0,254.0,1.0
82692804,0,286.0,16478.0,2592.0,63603.0,1.0
83517664,0,0.0,110.0,0.0,1300.0,1.0
83627320,0,0.0,66.0,72.0,208.0,1.0
83635877,0,11.0,228.0,432.0,330.0,1.0
83644929,0,0.0,30.0,183.0,167.0,1.0
83762466,0,0.0,193.0,223.0,188.0,1.0
83856316,0,0.0,827.0,1880.0,408.0,1.0
84005537,0,0.0,303.0,366.0,113.0,1.0
84033832,0,1.0,2149.0,2612.0,110.0,1.0
84174209,0,4.0,377.0,16.0,1209.0,1.0
84280095,0,1.0,36.0,36.0,222.0,1.0
84411370,0,2021.0,2399.0,2641.0,6256.0,1.0
84431435,0,0.0,126.0,54.0,127.0,1.0
8454762,0,128.0,1605.0,1519.0,4301.0,1.0
84613800,0,2.0,2653.0,319.0,18420.0,1.0
84644396,0,1.0,74.0,19.0,119.0,1.0
84869542,0,0.0,37.0,22.0,383.0,1.0
85198063,0,0.0,275.0,270.0,214.0,1.0
85337803,0,0.0,6.0,0.0,468.0,1.0
8560222,0,69.0,5011.0,3263.0,5973.0,1.0
85656406,0,333.0,3062.0,1632.0,2778.0,1.0
85682060,0,2.0,419.0,164.0,1615.0,1.0
85844366,0,45.0,1241.0,357.0,1218.0,1.0
86037397,0,548.0,6875.0,7570.0,4146.0,1.0
86081592,0,148.0,5738.0,40.0,704.0,1.0
86427710,0,0.0,19.0,37.0,335.0,1.0
86605758,0,2015.0,1957.0,1971.0,6554.0,1.0
86813876,0,2362.0,1470.0,1853.0,4570.0,1.0
87012505,0,36.0,895.0,358.0,326.0,1.0
87040396,0,0.0,131.0,362.0,249.0,1.0
87471862,0,0.0,89.0,38.0,730.0,1.0
87536792,0,1.0,339.0,358.0,2414.0,1.0
87710996,0,0.0,26.0,20.0,145.0,1.0
87844256,0,1.0,576.0,836.0,1075.0,1.0
87860434,0,0.0,46.0,120.0,181.0,1.0
87914835,0,173.0,886.0,863.0,1971.0,1.0
88041787,0,0.0,1265.0,1333.0,8048.0,1.0
88219714,0,0.0,7.0,0.0,524.0,1.0
88254288,0,0.0,324.0,280.0,1220.0,1.0
88731452,0,0.0,535.0,568.0,215.0,1.0
88735060,0,1.0,398.0,80.0,928.0,1.0
88791865,0,1.0,1848.0,1361.0,1278.0,1.0
88854699,0,26.0,266.0,478.0,791.0,1.0
88966020,0,0.0,13913.0,20.0,262.0,1.0
89000613,0,569.0,14116.0,470.0,5155.0,1.0
89527641,0,0.0,109.0,0.0,332.0,1.0
89740288,0,0.0,14.0,5.0,109.0,1.0
90196918,0,2.0,23.0,14.0,616.0,1.0
90375610,0,33.0,855.0,74.0,1422.0,1.0
90400743,0,89.0,1391.0,1052.0,1922.0,1.0
90441165,0,151.0,1278.0,428.0,1765.0,1.0
90869779,0,43.0,4156.0,559.0,7257.0,1.0
90869779,0,43.0,4171.0,560.0,7312.0,1.0
90897209,0,2.0,2984.0,276.0,12620.0,1.0
90920699,0,39.0,1305.0,1982.0,2069.0,1.0
91169806,0,23.0,78.0,122.0,403.0,1.0
91178474,0,107.0,697.0,407.0,638.0,1.0
91258580,0,9.0,362.0,71.0,634.0,1.0
91310035,0,1634.0,4468.0,3972.0,9318.0,1.0
91439995,0,25.0,995.0,339.0,406.0,1.0
91615711,0,85.0,83.0,69.0,766.0,1.0
91646488,0,0.0,2.0,12.0,19479.0,1.0
91652047,0,0.0,98.0,47.0,135.0,1.0
91666085,0,24.0,730.0,1808.0,8652.0,1.0
92094409,0,144.0,1435.0,420.0,677.0,1.0
92181848,0,1.0,147.0,109.0,429.0,1.0
92372752,0,34.0,2208.0,909.0,5858.0,1.0
92592312,0,9.0,1297.0,125.0,1536.0,1.0
92790183,0,12.0,393.0,387.0,962.0,1.0
92921243,0,0.0,19.0,27.0,3158.0,1.0
93243982,0,694.0,884.0,549.0,4761.0,1.0
93383968,0,1.0,260.0,66.0,1078.0,1.0
93740420,0,5206.0,2987.0,1089.0,830.0,1.0
93875978,0,0.0,596.0,2.0,525.0,1.0
94268181,0,14.0,1760.0,1952.0,517.0,1.0
94312025,0,55.0,2920.0,540.0,2984.0,1.0
94338498,0,0.0,209.0,207.0,154.0,1.0
94818815,0,0.0,154.0,97.0,5652.0,1.0
94843924,0,0.0,132.0,128.0,199.0,1.0
95155223,0,4.0,157.0,167.0,232.0,1.0
95254256,0,75.0,1249.0,1390.0,772.0,1.0
95295812,0,0.0,1487.0,1879.0,769.0,1.0
9563382,0,322.0,6334.0,155.0,45558.0,1.0
95701823,0,3.0,910.0,17.0,190.0,1.0
95752879,0,0.0,15.0,18.0,273.0,1.0
95759341,0,1.0,4305.0,1107.0,47209.0,1.0
95975367,0,19.0,2000.0,1609.0,4495.0,1.0
9635952,0,0.0,26.0,0.0,119.0,1.0
96449764,0,0.0,15.0,5.0,170.0,1.0
96501147,0,1.0,99.0,188.0,210.0,1.0
96805711,0,0.0,140.0,326.0,411.0,1.0
96893025,0,0.0,51.0,52.0,1603.0,1.0
97427908,0,0.0,916.0,1710.0,131.0,1.0
97457755,0,52.0,1447.0,216.0,4329.0,1.0
97480766,0,0.0,359.0,147.0,285.0,1.0
97827310,0,5.0,503.0,196.0,1825.0,1.0
98273845,0,19.0,1332.0,1980.0,1009.0,1.0
98292434,0,0.0,111.0,243.0,1252.0,1.0
98429672,0,0.0,4047.0,4569.0,61036.0,1.0
98858361,0,6.0,6588.0,2186.0,196914.0,1.0
98936882,0,117.0,5137.0,3708.0,4854.0,1.0
99234800,0,0.0,75.0,25.0,1778.0,1.0
99363506,0,26.0,919.0,872.0,280.0,1.0
99620237,0,8.0,408.0,1983.0,1012.0,1.0
99978321,0,9.0,416.0,203.0,925.0,1.0